loading app astra_controller.py
loading app ryu.app.ofctl_rest
loading app ryu.controller.ofp_handler
instantiating app None of DPSet
creating context dpset
creating context wsgi
instantiating app astra_controller.py of Astra5GController
instantiating app ryu.app.ofctl_rest of RestStatsApi
instantiating app ryu.controller.ofp_handler of OFPHandler
(40124) wsgi starting up on http://0.0.0.0:8080
[Astra] Switch 0000000000000002 up
[Astra] Switch 0000000000000006 up
[Astra] Switch 0000000000000004 up
[Astra] Switch 0000000000000003 up
[Astra] Switch 0000000000000001 up
[Astra] Switch 0000000000000005 up
[FLOW] dpid=2 prio=1 pkts=0 bytes=0
[FLOW] dpid=2 prio=0 pkts=103 bytes=10605
[PORT] dpid=2 port=2 rx=31 tx=68
[PORT] dpid=2 port=1 rx=71 tx=33
[PORT] dpid=2 port=4294967294 rx=11 tx=0
[PORT] dpid=2 port=3 rx=8 tx=82
[FLOW] dpid=6 prio=1 pkts=0 bytes=0
[FLOW] dpid=6 prio=0 pkts=94 bytes=8576
[PORT] dpid=6 port=1 rx=82 tx=19
[PORT] dpid=6 port=2 rx=7 tx=87
[PORT] dpid=6 port=4 rx=8 tx=87
[PORT] dpid=6 port=4294967294 rx=16 tx=0
[PORT] dpid=6 port=3 rx=7 tx=86
[FLOW] dpid=1 prio=1 pkts=0 bytes=0
[FLOW] dpid=1 prio=0 pkts=113 bytes=11477
[PORT] dpid=1 port=1 rx=33 tx=71
[PORT] dpid=1 port=2 rx=65 tx=34
[PORT] dpid=1 port=4294967294 rx=12 tx=0
[PORT] dpid=1 port=3 rx=18 tx=78
[FLOW] dpid=3 prio=1 pkts=0 bytes=0
[FLOW] dpid=3 prio=0 pkts=117 bytes=12114
[PORT] dpid=3 port=1 rx=68 tx=31
[PORT] dpid=3 port=2 rx=36 tx=67
[PORT] dpid=3 port=4294967294 rx=8 tx=0
[PORT] dpid=3 port=3 rx=19 tx=82
[FLOW] dpid=5 prio=1 pkts=0 bytes=0
[FLOW] dpid=5 prio=0 pkts=95 bytes=8899
[PORT] dpid=5 port=2 rx=7 tx=87
[PORT] dpid=5 port=5 rx=7 tx=82
[PORT] dpid=5 port=4 rx=7 tx=85
[PORT] dpid=5 port=1 rx=78 tx=18
[PORT] dpid=5 port=4294967294 rx=17 tx=0
[PORT] dpid=5 port=3 rx=8 tx=82
[FLOW] dpid=4 prio=1 pkts=0 bytes=0
[FLOW] dpid=4 prio=0 pkts=103 bytes=10187
[PORT] dpid=4 port=1 rx=67 tx=36
[PORT] dpid=4 port=2 rx=34 tx=65
[PORT] dpid=4 port=4294967294 rx=9 tx=0
[PORT] dpid=4 port=3 rx=7 tx=88
[FLOW] dpid=2 prio=1 pkts=0 bytes=0
[FLOW] dpid=2 prio=0 pkts=125 bytes=13771
[PORT] dpid=2 port=2 rx=38 tx=80
[PORT] dpid=2 port=1 rx=84 tx=41
[PORT] dpid=2 port=4294967294 rx=21 tx=0
[PORT] dpid=2 port=3 rx=10 tx=95
[FLOW] dpid=4 prio=1 pkts=0 bytes=0
[FLOW] dpid=4 prio=0 pkts=124 bytes=13283
[PORT] dpid=4 port=1 rx=75 tx=49
[PORT] dpid=4 port=2 rx=46 tx=72
[PORT] dpid=4 port=4294967294 rx=19 tx=0
[PORT] dpid=4 port=3 rx=8 tx=101
[FLOW] dpid=5 prio=1 pkts=0 bytes=0
[FLOW] dpid=5 prio=0 pkts=116 bytes=11137
[PORT] dpid=5 port=2 rx=9 tx=100
[PORT] dpid=5 port=5 rx=9 tx=95
[PORT] dpid=5 port=4 rx=9 tx=98
[PORT] dpid=5 port=1 rx=91 tx=26
[PORT] dpid=5 port=4294967294 rx=37 tx=0
[PORT] dpid=5 port=3 rx=10 tx=95
[FLOW] dpid=1 prio=1 pkts=0 bytes=0
[FLOW] dpid=1 prio=0 pkts=136 bytes=15661
[PORT] dpid=1 port=1 rx=41 tx=84
[PORT] dpid=1 port=2 rx=72 tx=46
[PORT] dpid=1 port=4294967294 rx=27 tx=0
[PORT] dpid=1 port=3 rx=26 tx=91
[FLOW] dpid=6 prio=1 pkts=0 bytes=0
[FLOW] dpid=6 prio=0 pkts=110 bytes=10464
[PORT] dpid=6 port=1 rx=94 tx=27
[PORT] dpid=6 port=2 rx=8 tx=100
[PORT] dpid=6 port=4 rx=9 tx=100
[PORT] dpid=6 port=4294967294 rx=31 tx=0
[PORT] dpid=6 port=3 rx=9 tx=98
[FLOW] dpid=3 prio=1 pkts=0 bytes=0
[FLOW] dpid=3 prio=0 pkts=150 bytes=16818
[PORT] dpid=3 port=1 rx=80 tx=38
[PORT] dpid=3 port=2 rx=49 tx=75
[PORT] dpid=3 port=4294967294 rx=13 tx=0
[PORT] dpid=3 port=3 rx=27 tx=94
[FLOW] dpid=2 prio=1 pkts=0 bytes=0
[FLOW] dpid=2 prio=0 pkts=131 bytes=14101
[PORT] dpid=2 port=2 rx=39 tx=86
[PORT] dpid=2 port=1 rx=89 tx=41
[PORT] dpid=2 port=4294967294 rx=31 tx=0
[PORT] dpid=2 port=3 rx=10 tx=100
[FLOW] dpid=4 prio=1 pkts=0 bytes=0
[FLOW] dpid=4 prio=0 pkts=131 bytes=13683
[PORT] dpid=4 port=1 rx=75 tx=54
[PORT] dpid=4 port=2 rx=52 tx=73
[PORT] dpid=4 port=4294967294 rx=29 tx=0
[PORT] dpid=4 port=3 rx=9 tx=106
[FLOW] dpid=6 prio=1 pkts=0 bytes=0
[FLOW] dpid=6 prio=0 pkts=118 bytes=10934
[PORT] dpid=6 port=1 rx=100 tx=27
[PORT] dpid=6 port=2 rx=9 tx=105
[PORT] dpid=6 port=4 rx=10 tx=105
[PORT] dpid=6 port=4294967294 rx=46 tx=0
[PORT] dpid=6 port=3 rx=9 tx=104
[FLOW] dpid=3 prio=1 pkts=0 bytes=0
[FLOW] dpid=3 prio=0 pkts=161 bytes=17408
[PORT] dpid=3 port=1 rx=86 tx=39
[PORT] dpid=3 port=2 rx=54 tx=75
[PORT] dpid=3 port=4294967294 rx=18 tx=0
[PORT] dpid=3 port=3 rx=27 tx=100
[FLOW] dpid=5 prio=1 pkts=0 bytes=0
[FLOW] dpid=5 prio=0 pkts=121 bytes=11397
[PORT] dpid=5 port=2 rx=9 tx=105
[PORT] dpid=5 port=5 rx=9 tx=100
[PORT] dpid=5 port=4 rx=9 tx=103
[PORT] dpid=5 port=1 rx=96 tx=26
[PORT] dpid=5 port=4294967294 rx=57 tx=0
[PORT] dpid=5 port=3 rx=10 tx=100
[FLOW] dpid=1 prio=1 pkts=0 bytes=0
[FLOW] dpid=1 prio=0 pkts=137 bytes=15731
[PORT] dpid=1 port=1 rx=41 tx=89
[PORT] dpid=1 port=2 rx=73 tx=52
[PORT] dpid=1 port=4294967294 rx=42 tx=0
[PORT] dpid=1 port=3 rx=26 tx=96
[FLOW] dpid=2 prio=1 pkts=0 bytes=0
[FLOW] dpid=2 prio=0 pkts=147 bytes=15113
[PORT] dpid=2 port=2 rx=40 tx=100
[PORT] dpid=2 port=1 rx=103 tx=44
[PORT] dpid=2 port=4294967294 rx=44 tx=0
[PORT] dpid=2 port=3 rx=11 tx=115
[FLOW] dpid=6 prio=1 pkts=0 bytes=0
[FLOW] dpid=6 prio=0 pkts=135 bytes=11998
[PORT] dpid=6 port=1 rx=114 tx=31
[PORT] dpid=6 port=2 rx=10 tx=121
[PORT] dpid=6 port=4 rx=11 tx=121
[PORT] dpid=6 port=4294967294 rx=68 tx=0
[PORT] dpid=6 port=3 rx=10 tx=121
[FLOW] dpid=4 prio=1 pkts=0 bytes=0
[FLOW] dpid=4 prio=0 pkts=147 bytes=14646
[PORT] dpid=4 port=1 rx=80 tx=66
[PORT] dpid=4 port=2 rx=62 tx=79
[PORT] dpid=4 port=4294967294 rx=42 tx=0
[PORT] dpid=4 port=3 rx=10 tx=120
[FLOW] dpid=1 prio=1 pkts=0 bytes=0
[FLOW] dpid=1 prio=0 pkts=150 bytes=16494
[PORT] dpid=1 port=1 rx=44 tx=103
[PORT] dpid=1 port=2 rx=79 tx=62
[PORT] dpid=1 port=4294967294 rx=60 tx=0
[PORT] dpid=1 port=3 rx=30 tx=109
[FLOW] dpid=3 prio=1 pkts=0 bytes=0
[FLOW] dpid=3 prio=0 pkts=191 bytes=19243
[PORT] dpid=3 port=1 rx=100 tx=40
[PORT] dpid=3 port=2 rx=66 tx=80
[PORT] dpid=3 port=4294967294 rx=26 tx=0
[PORT] dpid=3 port=3 rx=31 tx=114
[FLOW] dpid=5 prio=1 pkts=0 bytes=0
[FLOW] dpid=5 prio=0 pkts=138 bytes=12479
[PORT] dpid=5 port=2 rx=10 tx=119
[PORT] dpid=5 port=5 rx=10 tx=115
[PORT] dpid=5 port=4 rx=10 tx=118
[PORT] dpid=5 port=1 rx=109 tx=30
[PORT] dpid=5 port=4294967294 rx=82 tx=0
[PORT] dpid=5 port=3 rx=11 tx=114
[FLOW] dpid=2 prio=10 pkts=0 bytes=0
[FLOW] dpid=2 prio=10 pkts=0 bytes=0
[FLOW] dpid=2 prio=10 pkts=0 bytes=0
[FLOW] dpid=2 prio=50 pkts=0 bytes=0
[FLOW] dpid=2 prio=10 pkts=0 bytes=0
[FLOW] dpid=2 prio=50 pkts=0 bytes=0
[FLOW] dpid=2 prio=100 pkts=0 bytes=0
[FLOW] dpid=2 prio=100 pkts=0 bytes=0
[FLOW] dpid=2 prio=1 pkts=10 bytes=420
[FLOW] dpid=2 prio=0 pkts=163 bytes=16405
[PORT] dpid=2 port=2 rx=40 tx=118
[PORT] dpid=2 port=1 rx=118 tx=55
[PORT] dpid=2 port=4294967294 rx=54 tx=0
[PORT] dpid=2 port=3 rx=22 tx=130
[FLOW] dpid=6 prio=1 pkts=11 bytes=462
[FLOW] dpid=6 prio=0 pkts=143 bytes=12506
[PORT] dpid=6 port=1 rx=132 tx=32
[PORT] dpid=6 port=2 rx=11 tx=139
[PORT] dpid=6 port=4 rx=11 tx=140
[PORT] dpid=6 port=4294967294 rx=83 tx=0
[PORT] dpid=6 port=3 rx=10 tx=140
[FLOW] dpid=1 prio=10 pkts=0 bytes=0
[FLOW] dpid=1 prio=10 pkts=0 bytes=0
[FLOW] dpid=1 prio=10 pkts=0 bytes=0
[FLOW] dpid=1 prio=50 pkts=0 bytes=0
[FLOW] dpid=1 prio=10 pkts=0 bytes=0
[FLOW] dpid=1 prio=50 pkts=0 bytes=0
[FLOW] dpid=1 prio=100 pkts=0 bytes=0
[FLOW] dpid=1 prio=100 pkts=0 bytes=0
[FLOW] dpid=1 prio=1 pkts=10 bytes=420
[FLOW] dpid=1 prio=0 pkts=160 bytes=17474
[PORT] dpid=1 port=1 rx=55 tx=118
[PORT] dpid=1 port=2 rx=81 tx=80
[PORT] dpid=1 port=4294967294 rx=75 tx=0
[PORT] dpid=1 port=3 rx=38 tx=125
[FLOW] dpid=5 prio=10 pkts=0 bytes=0
[FLOW] dpid=5 prio=50 pkts=0 bytes=0
[FLOW] dpid=5 prio=10 pkts=0 bytes=0
[FLOW] dpid=5 prio=50 pkts=0 bytes=0
[FLOW] dpid=5 prio=100 pkts=0 bytes=0
[FLOW] dpid=5 prio=100 pkts=0 bytes=0
[FLOW] dpid=5 prio=1 pkts=10 bytes=420
[FLOW] dpid=5 prio=0 pkts=152 bytes=13575
[PORT] dpid=5 port=2 rx=12 tx=137
[PORT] dpid=5 port=5 rx=12 tx=132
[PORT] dpid=5 port=4 rx=12 tx=135
[PORT] dpid=5 port=1 rx=125 tx=38
[PORT] dpid=5 port=4294967294 rx=102 tx=0
[PORT] dpid=5 port=3 rx=13 tx=132
[FLOW] dpid=4 prio=10 pkts=0 bytes=0
[FLOW] dpid=4 prio=10 pkts=0 bytes=0
[FLOW] dpid=4 prio=1 pkts=11 bytes=462
[FLOW] dpid=4 prio=0 pkts=157 bytes=15350
[PORT] dpid=4 port=1 rx=81 tx=84
[PORT] dpid=4 port=2 rx=80 tx=81
[PORT] dpid=4 port=4294967294 rx=52 tx=0
[PORT] dpid=4 port=3 rx=12 tx=138
[FLOW] dpid=3 prio=1 pkts=21 bytes=882
[FLOW] dpid=3 prio=0 pkts=207 bytes=20259
[PORT] dpid=3 port=1 rx=118 tx=40
[PORT] dpid=3 port=2 rx=84 tx=81
[PORT] dpid=3 port=4294967294 rx=31 tx=0
[PORT] dpid=3 port=3 rx=32 tx=132
(40124) accepted ('127.0.0.1', 46350)
127.0.0.1 - - [06/Aug/2026 13:15:03] "POST /stats/meterentry/delete HTTP/1.1" 200 115 0.004945
[FLOW] dpid=2 prio=10 pkts=2 bytes=140
[FLOW] dpid=2 prio=10 pkts=2 bytes=140
[FLOW] dpid=2 prio=10 pkts=2 bytes=140
[FLOW] dpid=2 prio=50 pkts=2 bytes=140
[FLOW] dpid=2 prio=10 pkts=1507 bytes=99490
[FLOW] dpid=2 prio=50 pkts=1738 bytes=4801819
[FLOW] dpid=2 prio=100 pkts=2 bytes=140
[FLOW] dpid=2 prio=100 pkts=2 bytes=140
[FLOW] dpid=2 prio=10 pkts=2 bytes=140
[FLOW] dpid=2 prio=10 pkts=2 bytes=140
[FLOW] dpid=2 prio=10 pkts=2 bytes=140
[FLOW] dpid=2 prio=10 pkts=2 bytes=140
[FLOW] dpid=2 prio=10 pkts=2 bytes=140
[FLOW] dpid=2 prio=10 pkts=2 bytes=140
[FLOW] dpid=2 prio=10 pkts=2 bytes=140
[FLOW] dpid=2 prio=10 pkts=2 bytes=140
[FLOW] dpid=2 prio=1 pkts=72 bytes=3024
[FLOW] dpid=2 prio=0 pkts=173 bytes=17201
[PORT] dpid=2 port=2 rx=40 tx=185
[PORT] dpid=2 port=1 rx=2074 tx=1697
[PORT] dpid=2 port=4294967294 rx=64 tx=0
[PORT] dpid=2 port=3 rx=1663 tx=2085
[FLOW] dpid=1 prio=10 pkts=2 bytes=140
[FLOW] dpid=1 prio=10 pkts=2 bytes=140
[FLOW] dpid=1 prio=10 pkts=2 bytes=140
[FLOW] dpid=1 prio=50 pkts=2 bytes=140
[FLOW] dpid=1 prio=10 pkts=1507 bytes=99490
[FLOW] dpid=1 prio=50 pkts=1739 bytes=4804781
[FLOW] dpid=1 prio=100 pkts=2 bytes=140
[FLOW] dpid=1 prio=100 pkts=2 bytes=140
[FLOW] dpid=1 prio=10 pkts=2 bytes=140
[FLOW] dpid=1 prio=10 pkts=2 bytes=140
[FLOW] dpid=1 prio=10 pkts=2 bytes=140
[FLOW] dpid=1 prio=10 pkts=2 bytes=140
[FLOW] dpid=1 prio=10 pkts=2 bytes=140
[FLOW] dpid=1 prio=10 pkts=2 bytes=140
[FLOW] dpid=1 prio=50 pkts=2 bytes=140
[FLOW] dpid=1 prio=10 pkts=2 bytes=140
[FLOW] dpid=1 prio=50 pkts=2 bytes=140
[FLOW] dpid=1 prio=10 pkts=7 bytes=480
[FLOW] dpid=1 prio=100 pkts=8 bytes=730
[FLOW] dpid=1 prio=10 pkts=2 bytes=140
[FLOW] dpid=1 prio=100 pkts=2 bytes=140
[FLOW] dpid=1 prio=50 pkts=2 bytes=140
[FLOW] dpid=1 prio=10 pkts=2 bytes=140
[FLOW] dpid=1 prio=50 pkts=2 bytes=140
[FLOW] dpid=1 prio=10 pkts=2 bytes=140
[FLOW] dpid=1 prio=50 pkts=2 bytes=140
[FLOW] dpid=1 prio=10 pkts=2 bytes=140
[FLOW] dpid=1 prio=50 pkts=2 bytes=140
[FLOW] dpid=1 prio=10 pkts=2 bytes=140
[FLOW] dpid=1 prio=50 pkts=2 bytes=140
[FLOW] dpid=1 prio=10 pkts=2 bytes=140
[FLOW] dpid=1 prio=50 pkts=2 bytes=140
[FLOW] dpid=1 prio=10 pkts=2 bytes=140
[FLOW] dpid=1 prio=10 pkts=2 bytes=140
[FLOW] dpid=1 prio=100 pkts=2 bytes=140
[FLOW] dpid=1 prio=10 pkts=2 bytes=140
[FLOW] dpid=1 prio=100 pkts=2 bytes=140
[FLOW] dpid=1 prio=10 pkts=2 bytes=140
[FLOW] dpid=1 prio=100 pkts=2 bytes=140
[FLOW] dpid=1 prio=10 pkts=2 bytes=140
[FLOW] dpid=1 prio=10 pkts=2 bytes=140
[FLOW] dpid=1 prio=100 pkts=2 bytes=140
[FLOW] dpid=1 prio=10 pkts=2 bytes=140
[FLOW] dpid=1 prio=100 pkts=2 bytes=140
[FLOW] dpid=1 prio=10 pkts=2 bytes=140
[FLOW] dpid=1 prio=100 pkts=2 bytes=140
[FLOW] dpid=1 prio=10 pkts=2 bytes=140
[FLOW] dpid=1 prio=10 pkts=2 bytes=140
[FLOW] dpid=1 prio=1 pkts=72 bytes=3024
[FLOW] dpid=1 prio=0 pkts=199 bytes=21268
[PORT] dpid=1 port=1 rx=1697 tx=2074
[PORT] dpid=1 port=2 rx=180 tx=185
[PORT] dpid=1 port=4294967294 rx=90 tx=0
[PORT] dpid=1 port=3 rx=2006 tx=1846
[FLOW] dpid=5 prio=10 pkts=2 bytes=140
[FLOW] dpid=5 prio=50 pkts=2 bytes=140
[FLOW] dpid=5 prio=10 pkts=1506 bytes=99424
[FLOW] dpid=5 prio=50 pkts=1858 bytes=5128299
[FLOW] dpid=5 prio=100 pkts=2 bytes=140
[FLOW] dpid=5 prio=100 pkts=2 bytes=140
[FLOW] dpid=5 prio=10 pkts=2 bytes=140
[FLOW] dpid=5 prio=50 pkts=2 bytes=140
[FLOW] dpid=5 prio=10 pkts=2 bytes=140
[FLOW] dpid=5 prio=50 pkts=2 bytes=140
[FLOW] dpid=5 prio=10 pkts=7 bytes=480
[FLOW] dpid=5 prio=100 pkts=10 bytes=870
[FLOW] dpid=5 prio=10 pkts=2 bytes=140
[FLOW] dpid=5 prio=100 pkts=2 bytes=140
[FLOW] dpid=5 prio=50 pkts=2 bytes=140
[FLOW] dpid=5 prio=50 pkts=2 bytes=140
[FLOW] dpid=5 prio=50 pkts=2 bytes=140
[FLOW] dpid=5 prio=100 pkts=2 bytes=140
[FLOW] dpid=5 prio=50 pkts=2 bytes=140
[FLOW] dpid=5 prio=100 pkts=2 bytes=140
[FLOW] dpid=5 prio=50 pkts=2 bytes=140
[FLOW] dpid=5 prio=10 pkts=2 bytes=140
[FLOW] dpid=5 prio=10 pkts=2 bytes=140
[FLOW] dpid=5 prio=50 pkts=2 bytes=140
[FLOW] dpid=5 prio=10 pkts=2 bytes=140
[FLOW] dpid=5 prio=50 pkts=2 bytes=140
[FLOW] dpid=5 prio=100 pkts=2 bytes=140
[FLOW] dpid=5 prio=50 pkts=2 bytes=140
[FLOW] dpid=5 prio=100 pkts=2 bytes=140
[FLOW] dpid=5 prio=50 pkts=2 bytes=140
[FLOW] dpid=5 prio=10 pkts=2 bytes=140
[FLOW] dpid=5 prio=50 pkts=2 bytes=140
[FLOW] dpid=5 prio=10 pkts=2 bytes=140
[FLOW] dpid=5 prio=50 pkts=2 bytes=140
[FLOW] dpid=5 prio=10 pkts=2 bytes=140
[FLOW] dpid=5 prio=10 pkts=2 bytes=140
[FLOW] dpid=5 prio=100 pkts=2 bytes=140
[FLOW] dpid=5 prio=100 pkts=2 bytes=140
[FLOW] dpid=5 prio=100 pkts=2 bytes=140
[FLOW] dpid=5 prio=10 pkts=2 bytes=140
[FLOW] dpid=5 prio=100 pkts=2 bytes=140
[FLOW] dpid=5 prio=10 pkts=2 bytes=140
[FLOW] dpid=5 prio=100 pkts=2 bytes=140
[FLOW] dpid=5 prio=10 pkts=2 bytes=140
[FLOW] dpid=5 prio=10 pkts=2 bytes=140
[FLOW] dpid=5 prio=100 pkts=2 bytes=140
[FLOW] dpid=5 prio=10 pkts=2 bytes=140
[FLOW] dpid=5 prio=100 pkts=2 bytes=140
[FLOW] dpid=5 prio=10 pkts=2 bytes=140
[FLOW] dpid=5 prio=100 pkts=2 bytes=140
[FLOW] dpid=5 prio=10 pkts=2 bytes=140
[FLOW] dpid=5 prio=50 pkts=2 bytes=140
[FLOW] dpid=5 prio=1 pkts=72 bytes=3024
[FLOW] dpid=5 prio=0 pkts=202 bytes=18263
[PORT] dpid=5 port=2 rx=42 tx=221
[PORT] dpid=5 port=5 rx=42 tx=217
[PORT] dpid=5 port=4 rx=52 tx=226
[PORT] dpid=5 port=1 rx=1847 tx=2006
[PORT] dpid=5 port=4294967294 rx=122 tx=0
[PORT] dpid=5 port=3 rx=2041 tx=1836
[FLOW] dpid=6 prio=10 pkts=2 bytes=140
[FLOW] dpid=6 prio=10 pkts=2 bytes=140
[FLOW] dpid=6 prio=10 pkts=2 bytes=140
[FLOW] dpid=6 prio=10 pkts=2 bytes=140
[FLOW] dpid=6 prio=10 pkts=2 bytes=140
[FLOW] dpid=6 prio=10 pkts=2 bytes=140
[FLOW] dpid=6 prio=10 pkts=2 bytes=140
[FLOW] dpid=6 prio=10 pkts=2 bytes=140
[FLOW] dpid=6 prio=10 pkts=2 bytes=140
[FLOW] dpid=6 prio=10 pkts=10 bytes=660
[FLOW] dpid=6 prio=10 pkts=90 bytes=120111
[FLOW] dpid=6 prio=50 pkts=2 bytes=140
[FLOW] dpid=6 prio=10 pkts=2 bytes=140
[FLOW] dpid=6 prio=50 pkts=2 bytes=140
[FLOW] dpid=6 prio=10 pkts=2 bytes=140
[FLOW] dpid=6 prio=50 pkts=2 bytes=140
[FLOW] dpid=6 prio=10 pkts=2 bytes=140
[FLOW] dpid=6 prio=50 pkts=2 bytes=140
[FLOW] dpid=6 prio=10 pkts=2 bytes=140
[FLOW] dpid=6 prio=50 pkts=2 bytes=140
[FLOW] dpid=6 prio=10 pkts=2 bytes=140
[FLOW] dpid=6 prio=50 pkts=2 bytes=140
[FLOW] dpid=6 prio=10 pkts=2 bytes=140
[FLOW] dpid=6 prio=100 pkts=2 bytes=140
[FLOW] dpid=6 prio=10 pkts=2 bytes=140
[FLOW] dpid=6 prio=100 pkts=2 bytes=140
[FLOW] dpid=6 prio=10 pkts=2 bytes=140
[FLOW] dpid=6 prio=100 pkts=2 bytes=140
[FLOW] dpid=6 prio=10 pkts=2 bytes=140
[FLOW] dpid=6 prio=100 pkts=2 bytes=140
[FLOW] dpid=6 prio=10 pkts=2 bytes=140
[FLOW] dpid=6 prio=100 pkts=2 bytes=140
[FLOW] dpid=6 prio=10 pkts=2 bytes=140
[FLOW] dpid=6 prio=100 pkts=2 bytes=140
[FLOW] dpid=6 prio=10 pkts=2 bytes=140
[FLOW] dpid=6 prio=10 pkts=2 bytes=140
[FLOW] dpid=6 prio=10 pkts=2 bytes=140
[FLOW] dpid=6 prio=10 pkts=2 bytes=140
[FLOW] dpid=6 prio=10 pkts=2 bytes=140
[FLOW] dpid=6 prio=10 pkts=2 bytes=140
[FLOW] dpid=6 prio=10 pkts=2 bytes=140
[FLOW] dpid=6 prio=10 pkts=2 bytes=140
[FLOW] dpid=6 prio=1 pkts=72 bytes=3024
[FLOW] dpid=6 prio=0 pkts=192 bytes=17096
[PORT] dpid=6 port=1 rx=239 tx=223
[PORT] dpid=6 port=2 rx=42 tx=225
[PORT] dpid=6 port=4 rx=157 tx=233
[PORT] dpid=6 port=4294967294 rx=98 tx=0
[PORT] dpid=6 port=3 rx=42 tx=224
[FLOW] dpid=3 prio=10 pkts=2 bytes=140
[FLOW] dpid=3 prio=10 pkts=2 bytes=140
[FLOW] dpid=3 prio=10 pkts=2 bytes=140
[FLOW] dpid=3 prio=10 pkts=2 bytes=140
[FLOW] dpid=3 prio=10 pkts=2 bytes=140
[FLOW] dpid=3 prio=10 pkts=2 bytes=140
[FLOW] dpid=3 prio=10 pkts=2 bytes=140
[FLOW] dpid=3 prio=10 pkts=2 bytes=140
[FLOW] dpid=3 prio=10 pkts=2 bytes=140
[FLOW] dpid=3 prio=10 pkts=10 bytes=660
[FLOW] dpid=3 prio=10 pkts=90 bytes=120111
[FLOW] dpid=3 prio=50 pkts=2 bytes=140
[FLOW] dpid=3 prio=10 pkts=2 bytes=140
[FLOW] dpid=3 prio=50 pkts=2 bytes=140
[FLOW] dpid=3 prio=10 pkts=2 bytes=140
[FLOW] dpid=3 prio=50 pkts=2 bytes=140
[FLOW] dpid=3 prio=10 pkts=2 bytes=140
[FLOW] dpid=3 prio=50 pkts=2 bytes=140
[FLOW] dpid=3 prio=10 pkts=2 bytes=140
[FLOW] dpid=3 prio=50 pkts=2 bytes=140
[FLOW] dpid=3 prio=10 pkts=2 bytes=140
[FLOW] dpid=3 prio=50 pkts=2 bytes=140
[FLOW] dpid=3 prio=10 pkts=2 bytes=140
[FLOW] dpid=3 prio=100 pkts=2 bytes=140
[FLOW] dpid=3 prio=10 pkts=2 bytes=140
[FLOW] dpid=3 prio=100 pkts=2 bytes=140
[FLOW] dpid=3 prio=10 pkts=2 bytes=140
[FLOW] dpid=3 prio=100 pkts=2 bytes=140
[FLOW] dpid=3 prio=10 pkts=2 bytes=140
[FLOW] dpid=3 prio=100 pkts=2 bytes=140
[FLOW] dpid=3 prio=10 pkts=2 bytes=140
[FLOW] dpid=3 prio=100 pkts=2 bytes=140
[FLOW] dpid=3 prio=10 pkts=2 bytes=140
[FLOW] dpid=3 prio=100 pkts=2 bytes=140
[FLOW] dpid=3 prio=10 pkts=2 bytes=140
[FLOW] dpid=3 prio=10 pkts=2 bytes=140
[FLOW] dpid=3 prio=1 pkts=144 bytes=6048
[FLOW] dpid=3 prio=0 pkts=255 bytes=24567
[PORT] dpid=3 port=1 rx=185 tx=40
[PORT] dpid=3 port=2 rx=191 tx=272
[PORT] dpid=3 port=4294967294 rx=36 tx=0
[PORT] dpid=3 port=3 rx=223 tx=239
[FLOW] dpid=4 prio=10 pkts=2 bytes=140
[FLOW] dpid=4 prio=10 pkts=2 bytes=140
[FLOW] dpid=4 prio=10 pkts=2 bytes=140
[FLOW] dpid=4 prio=10 pkts=2 bytes=140
[FLOW] dpid=4 prio=10 pkts=2 bytes=140
[FLOW] dpid=4 prio=10 pkts=2 bytes=140
[FLOW] dpid=4 prio=10 pkts=2 bytes=140
[FLOW] dpid=4 prio=10 pkts=2 bytes=140
[FLOW] dpid=4 prio=50 pkts=2 bytes=140
[FLOW] dpid=4 prio=10 pkts=2 bytes=140
[FLOW] dpid=4 prio=50 pkts=2 bytes=140
[FLOW] dpid=4 prio=100 pkts=8 bytes=730
[FLOW] dpid=4 prio=100 pkts=2 bytes=140
[FLOW] dpid=4 prio=10 pkts=2 bytes=140
[FLOW] dpid=4 prio=10 pkts=2 bytes=140
[FLOW] dpid=4 prio=10 pkts=2 bytes=140
[FLOW] dpid=4 prio=10 pkts=2 bytes=140
[FLOW] dpid=4 prio=10 pkts=10 bytes=660
[FLOW] dpid=4 prio=10 pkts=90 bytes=120111
[FLOW] dpid=4 prio=50 pkts=2 bytes=140
[FLOW] dpid=4 prio=10 pkts=2 bytes=140
[FLOW] dpid=4 prio=50 pkts=2 bytes=140
[FLOW] dpid=4 prio=10 pkts=2 bytes=140
[FLOW] dpid=4 prio=50 pkts=2 bytes=140
[FLOW] dpid=4 prio=10 pkts=2 bytes=140
[FLOW] dpid=4 prio=50 pkts=2 bytes=140
[FLOW] dpid=4 prio=10 pkts=2 bytes=140
[FLOW] dpid=4 prio=50 pkts=2 bytes=140
[FLOW] dpid=4 prio=10 pkts=2 bytes=140
[FLOW] dpid=4 prio=50 pkts=2 bytes=140
[FLOW] dpid=4 prio=10 pkts=2 bytes=140
[FLOW] dpid=4 prio=10 pkts=7 bytes=480
[FLOW] dpid=4 prio=100 pkts=2 bytes=140
[FLOW] dpid=4 prio=10 pkts=2 bytes=140
[FLOW] dpid=4 prio=100 pkts=2 bytes=140
[FLOW] dpid=4 prio=10 pkts=2 bytes=140
[FLOW] dpid=4 prio=100 pkts=2 bytes=140
[FLOW] dpid=4 prio=10 pkts=2 bytes=140
[FLOW] dpid=4 prio=10 pkts=2 bytes=140
[FLOW] dpid=4 prio=100 pkts=2 bytes=140
[FLOW] dpid=4 prio=10 pkts=2 bytes=140
[FLOW] dpid=4 prio=100 pkts=2 bytes=140
[FLOW] dpid=4 prio=10 pkts=2 bytes=140
[FLOW] dpid=4 prio=100 pkts=2 bytes=140
[FLOW] dpid=4 prio=10 pkts=2 bytes=140
[FLOW] dpid=4 prio=10 pkts=2 bytes=140
[FLOW] dpid=4 prio=1 pkts=72 bytes=3024
[FLOW] dpid=4 prio=0 pkts=206 bytes=19940
[PORT] dpid=4 port=1 rx=272 tx=191
[PORT] dpid=4 port=2 rx=185 tx=180
[PORT] dpid=4 port=4294967294 rx=62 tx=0
[PORT] dpid=4 port=3 rx=59 tx=346
[FLOW] dpid=2 prio=10 pkts=2 bytes=140
[FLOW] dpid=2 prio=10 pkts=2 bytes=140
[FLOW] dpid=2 prio=10 pkts=2 bytes=140
[FLOW] dpid=2 prio=50 pkts=2 bytes=140
[FLOW] dpid=2 prio=10 pkts=4872 bytes=321580
[FLOW] dpid=2 prio=50 pkts=5589 bytes=15445385
[FLOW] dpid=2 prio=100 pkts=2 bytes=140
[FLOW] dpid=2 prio=100 pkts=2 bytes=140
[FLOW] dpid=2 prio=10 pkts=2 bytes=140
[FLOW] dpid=2 prio=10 pkts=2 bytes=140
[FLOW] dpid=2 prio=10 pkts=2 bytes=140
[FLOW] dpid=2 prio=10 pkts=2 bytes=140
[FLOW] dpid=2 prio=10 pkts=2 bytes=140
[FLOW] dpid=2 prio=10 pkts=2 bytes=140
[FLOW] dpid=2 prio=10 pkts=2 bytes=140
[FLOW] dpid=2 prio=10 pkts=2 bytes=140
[FLOW] dpid=2 prio=1 pkts=72 bytes=3024
[FLOW] dpid=2 prio=0 pkts=187 bytes=18091
[PORT] dpid=2 port=2 rx=40 tx=199
[PORT] dpid=2 port=1 rx=5894 tx=5038
[PORT] dpid=2 port=4294967294 rx=74 tx=0
[PORT] dpid=2 port=3 rx=5004 tx=5907
[FLOW] dpid=5 prio=10 pkts=2 bytes=140
[FLOW] dpid=5 prio=50 pkts=2 bytes=140
[FLOW] dpid=5 prio=10 pkts=4871 bytes=321514
[FLOW] dpid=5 prio=50 pkts=6058 bytes=16809947
[FLOW] dpid=5 prio=100 pkts=2 bytes=140
[FLOW] dpid=5 prio=100 pkts=2 bytes=140
[FLOW] dpid=5 prio=10 pkts=2 bytes=140
[FLOW] dpid=5 prio=50 pkts=2 bytes=140
[FLOW] dpid=5 prio=10 pkts=2 bytes=140
[FLOW] dpid=5 prio=50 pkts=2 bytes=140
[FLOW] dpid=5 prio=10 pkts=562 bytes=37120
[FLOW] dpid=5 prio=100 pkts=707 bytes=1991573
[FLOW] dpid=5 prio=10 pkts=2 bytes=140
[FLOW] dpid=5 prio=100 pkts=2 bytes=140
[FLOW] dpid=5 prio=50 pkts=2 bytes=140
[FLOW] dpid=5 prio=50 pkts=2 bytes=140
[FLOW] dpid=5 prio=50 pkts=2 bytes=140
[FLOW] dpid=5 prio=100 pkts=2 bytes=140
[FLOW] dpid=5 prio=50 pkts=2 bytes=140
[FLOW] dpid=5 prio=100 pkts=2 bytes=140
[FLOW] dpid=5 prio=50 pkts=2 bytes=140
[FLOW] dpid=5 prio=10 pkts=2 bytes=140
[FLOW] dpid=5 prio=10 pkts=2 bytes=140
[FLOW] dpid=5 prio=50 pkts=2 bytes=140
[FLOW] dpid=5 prio=10 pkts=2 bytes=140
[FLOW] dpid=5 prio=50 pkts=2 bytes=140
[FLOW] dpid=5 prio=100 pkts=2 bytes=140
[FLOW] dpid=5 prio=50 pkts=2 bytes=140
[FLOW] dpid=5 prio=100 pkts=2 bytes=140
[FLOW] dpid=5 prio=50 pkts=2 bytes=140
[FLOW] dpid=5 prio=10 pkts=2 bytes=140
[FLOW] dpid=5 prio=50 pkts=2 bytes=140
[FLOW] dpid=5 prio=10 pkts=2 bytes=140
[FLOW] dpid=5 prio=50 pkts=2 bytes=140
[FLOW] dpid=5 prio=10 pkts=2 bytes=140
[FLOW] dpid=5 prio=10 pkts=2 bytes=140
[FLOW] dpid=5 prio=100 pkts=2 bytes=140
[FLOW] dpid=5 prio=100 pkts=2 bytes=140
[FLOW] dpid=5 prio=100 pkts=2 bytes=140
[FLOW] dpid=5 prio=10 pkts=2 bytes=140
[FLOW] dpid=5 prio=100 pkts=2 bytes=140
[FLOW] dpid=5 prio=10 pkts=2 bytes=140
[FLOW] dpid=5 prio=100 pkts=2 bytes=140
[FLOW] dpid=5 prio=10 pkts=2 bytes=140
[FLOW] dpid=5 prio=10 pkts=2 bytes=140
[FLOW] dpid=5 prio=100 pkts=2 bytes=140
[FLOW] dpid=5 prio=10 pkts=2 bytes=140
[FLOW] dpid=5 prio=100 pkts=2 bytes=140
[FLOW] dpid=5 prio=10 pkts=2 bytes=140
[FLOW] dpid=5 prio=100 pkts=2 bytes=140
[FLOW] dpid=5 prio=10 pkts=2 bytes=140
[FLOW] dpid=5 prio=50 pkts=2 bytes=140
[FLOW] dpid=5 prio=1 pkts=72 bytes=3024
[FLOW] dpid=5 prio=0 pkts=215 bytes=19083
[PORT] dpid=5 port=2 rx=43 tx=233
[PORT] dpid=5 port=5 rx=43 tx=229
[PORT] dpid=5 port=4 rx=788 tx=821
[PORT] dpid=5 port=1 rx=5779 tx=6412
[PORT] dpid=5 port=4294967294 rx=142 tx=0
[PORT] dpid=5 port=3 rx=6219 tx=5190
[FLOW] dpid=1 prio=10 pkts=2 bytes=140
[FLOW] dpid=1 prio=10 pkts=2 bytes=140
[FLOW] dpid=1 prio=10 pkts=2 bytes=140
[FLOW] dpid=1 prio=50 pkts=2 bytes=140
[FLOW] dpid=1 prio=10 pkts=4871 bytes=321514
[FLOW] dpid=1 prio=50 pkts=5589 bytes=15445385
[FLOW] dpid=1 prio=100 pkts=2 bytes=140
[FLOW] dpid=1 prio=100 pkts=2 bytes=140
[FLOW] dpid=1 prio=10 pkts=2 bytes=140
[FLOW] dpid=1 prio=10 pkts=2 bytes=140
[FLOW] dpid=1 prio=10 pkts=2 bytes=140
[FLOW] dpid=1 prio=10 pkts=2 bytes=140
[FLOW] dpid=1 prio=10 pkts=2 bytes=140
[FLOW] dpid=1 prio=10 pkts=2 bytes=140
[FLOW] dpid=1 prio=50 pkts=2 bytes=140
[FLOW] dpid=1 prio=10 pkts=2 bytes=140
[FLOW] dpid=1 prio=50 pkts=2 bytes=140
[FLOW] dpid=1 prio=10 pkts=562 bytes=37120
[FLOW] dpid=1 prio=100 pkts=577 bytes=1618097
[FLOW] dpid=1 prio=10 pkts=2 bytes=140
[FLOW] dpid=1 prio=100 pkts=2 bytes=140
[FLOW] dpid=1 prio=50 pkts=2 bytes=140
[FLOW] dpid=1 prio=10 pkts=2 bytes=140
[FLOW] dpid=1 prio=50 pkts=2 bytes=140
[FLOW] dpid=1 prio=10 pkts=2 bytes=140
[FLOW] dpid=1 prio=50 pkts=2 bytes=140
[FLOW] dpid=1 prio=10 pkts=2 bytes=140
[FLOW] dpid=1 prio=50 pkts=2 bytes=140
[FLOW] dpid=1 prio=10 pkts=2 bytes=140
[FLOW] dpid=1 prio=50 pkts=2 bytes=140
[FLOW] dpid=1 prio=10 pkts=2 bytes=140
[FLOW] dpid=1 prio=50 pkts=2 bytes=140
[FLOW] dpid=1 prio=10 pkts=2 bytes=140
[FLOW] dpid=1 prio=10 pkts=2 bytes=140
[FLOW] dpid=1 prio=100 pkts=2 bytes=140
[FLOW] dpid=1 prio=10 pkts=2 bytes=140
[FLOW] dpid=1 prio=100 pkts=2 bytes=140
[FLOW] dpid=1 prio=10 pkts=2 bytes=140
[FLOW] dpid=1 prio=100 pkts=2 bytes=140
[FLOW] dpid=1 prio=10 pkts=2 bytes=140
[FLOW] dpid=1 prio=10 pkts=2 bytes=140
[FLOW] dpid=1 prio=100 pkts=2 bytes=140
[FLOW] dpid=1 prio=10 pkts=2 bytes=140
[FLOW] dpid=1 prio=100 pkts=2 bytes=140
[FLOW] dpid=1 prio=10 pkts=2 bytes=140
[FLOW] dpid=1 prio=100 pkts=2 bytes=140
[FLOW] dpid=1 prio=10 pkts=2 bytes=140
[FLOW] dpid=1 prio=10 pkts=2 bytes=140
[FLOW] dpid=1 prio=1 pkts=72 bytes=3024
[FLOW] dpid=1 prio=0 pkts=207 bytes=21828
[PORT] dpid=1 port=1 rx=5038 tx=5894
[PORT] dpid=1 port=2 rx=762 tx=790
[PORT] dpid=1 port=4294967294 rx=105 tx=0
[PORT] dpid=1 port=3 rx=6412 tx=5779
[FLOW] dpid=4 prio=10 pkts=2 bytes=140
[FLOW] dpid=4 prio=10 pkts=2 bytes=140
[FLOW] dpid=4 prio=10 pkts=2 bytes=140
[FLOW] dpid=4 prio=10 pkts=2 bytes=140
[FLOW] dpid=4 prio=10 pkts=2 bytes=140
[FLOW] dpid=4 prio=10 pkts=2 bytes=140
[FLOW] dpid=4 prio=10 pkts=2 bytes=140
[FLOW] dpid=4 prio=10 pkts=2 bytes=140
[FLOW] dpid=4 prio=50 pkts=2 bytes=140
[FLOW] dpid=4 prio=10 pkts=2 bytes=140
[FLOW] dpid=4 prio=50 pkts=2 bytes=140
[FLOW] dpid=4 prio=100 pkts=577 bytes=1618097
[FLOW] dpid=4 prio=100 pkts=2 bytes=140
[FLOW] dpid=4 prio=10 pkts=2 bytes=140
[FLOW] dpid=4 prio=10 pkts=2 bytes=140
[FLOW] dpid=4 prio=10 pkts=2 bytes=140
[FLOW] dpid=4 prio=10 pkts=2 bytes=140
[FLOW] dpid=4 prio=10 pkts=16 bytes=1387
[FLOW] dpid=4 prio=10 pkts=881 bytes=1289040
[FLOW] dpid=4 prio=50 pkts=2 bytes=140
[FLOW] dpid=4 prio=10 pkts=2 bytes=140
[FLOW] dpid=4 prio=50 pkts=2 bytes=140
[FLOW] dpid=4 prio=10 pkts=2 bytes=140
[FLOW] dpid=4 prio=50 pkts=2 bytes=140
[FLOW] dpid=4 prio=10 pkts=2 bytes=140
[FLOW] dpid=4 prio=50 pkts=2 bytes=140
[FLOW] dpid=4 prio=10 pkts=2 bytes=140
[FLOW] dpid=4 prio=50 pkts=2 bytes=140
[FLOW] dpid=4 prio=10 pkts=2 bytes=140
[FLOW] dpid=4 prio=50 pkts=2 bytes=140
[FLOW] dpid=4 prio=10 pkts=2 bytes=140
[FLOW] dpid=4 prio=10 pkts=562 bytes=37120
[FLOW] dpid=4 prio=100 pkts=2 bytes=140
[FLOW] dpid=4 prio=10 pkts=2 bytes=140
[FLOW] dpid=4 prio=100 pkts=2 bytes=140
[FLOW] dpid=4 prio=10 pkts=2 bytes=140
[FLOW] dpid=4 prio=100 pkts=2 bytes=140
[FLOW] dpid=4 prio=10 pkts=2 bytes=140
[FLOW] dpid=4 prio=10 pkts=2 bytes=140
[FLOW] dpid=4 prio=100 pkts=2 bytes=140
[FLOW] dpid=4 prio=10 pkts=2 bytes=140
[FLOW] dpid=4 prio=100 pkts=2 bytes=140
[FLOW] dpid=4 prio=10 pkts=2 bytes=140
[FLOW] dpid=4 prio=100 pkts=2 bytes=140
[FLOW] dpid=4 prio=10 pkts=2 bytes=140
[FLOW] dpid=4 prio=10 pkts=2 bytes=140
[FLOW] dpid=4 prio=1 pkts=72 bytes=3024
[FLOW] dpid=4 prio=0 pkts=218 bytes=20690
[PORT] dpid=4 port=1 rx=1038 tx=208
[PORT] dpid=4 port=2 rx=790 tx=762
[PORT] dpid=4 port=4294967294 rx=72 tx=0
[PORT] dpid=4 port=3 rx=646 tx=1718
[FLOW] dpid=6 prio=10 pkts=2 bytes=140
[FLOW] dpid=6 prio=10 pkts=2 bytes=140
[FLOW] dpid=6 prio=10 pkts=2 bytes=140
[FLOW] dpid=6 prio=10 pkts=2 bytes=140
[FLOW] dpid=6 prio=10 pkts=2 bytes=140
[FLOW] dpid=6 prio=10 pkts=2 bytes=140
[FLOW] dpid=6 prio=10 pkts=2 bytes=140
[FLOW] dpid=6 prio=10 pkts=2 bytes=140
[FLOW] dpid=6 prio=10 pkts=2 bytes=140
[FLOW] dpid=6 prio=10 pkts=16 bytes=1387
[FLOW] dpid=6 prio=10 pkts=881 bytes=1289040
[FLOW] dpid=6 prio=50 pkts=2 bytes=140
[FLOW] dpid=6 prio=10 pkts=2 bytes=140
[FLOW] dpid=6 prio=50 pkts=2 bytes=140
[FLOW] dpid=6 prio=10 pkts=2 bytes=140
[FLOW] dpid=6 prio=50 pkts=2 bytes=140
[FLOW] dpid=6 prio=10 pkts=2 bytes=140
[FLOW] dpid=6 prio=50 pkts=2 bytes=140
[FLOW] dpid=6 prio=10 pkts=2 bytes=140
[FLOW] dpid=6 prio=50 pkts=2 bytes=140
[FLOW] dpid=6 prio=10 pkts=2 bytes=140
[FLOW] dpid=6 prio=50 pkts=2 bytes=140
[FLOW] dpid=6 prio=10 pkts=2 bytes=140
[FLOW] dpid=6 prio=100 pkts=2 bytes=140
[FLOW] dpid=6 prio=10 pkts=2 bytes=140
[FLOW] dpid=6 prio=100 pkts=2 bytes=140
[FLOW] dpid=6 prio=10 pkts=2 bytes=140
[FLOW] dpid=6 prio=100 pkts=2 bytes=140
[FLOW] dpid=6 prio=10 pkts=2 bytes=140
[FLOW] dpid=6 prio=100 pkts=2 bytes=140
[FLOW] dpid=6 prio=10 pkts=2 bytes=140
[FLOW] dpid=6 prio=100 pkts=2 bytes=140
[FLOW] dpid=6 prio=10 pkts=2 bytes=140
[FLOW] dpid=6 prio=100 pkts=2 bytes=140
[FLOW] dpid=6 prio=10 pkts=2 bytes=140
[FLOW] dpid=6 prio=10 pkts=2 bytes=140
[FLOW] dpid=6 prio=10 pkts=2 bytes=140
[FLOW] dpid=6 prio=10 pkts=2 bytes=140
[FLOW] dpid=6 prio=10 pkts=2 bytes=140
[FLOW] dpid=6 prio=10 pkts=2 bytes=140
[FLOW] dpid=6 prio=10 pkts=2 bytes=140
[FLOW] dpid=6 prio=10 pkts=2 bytes=140
[FLOW] dpid=6 prio=1 pkts=72 bytes=3024
[FLOW] dpid=6 prio=0 pkts=203 bytes=17776
[PORT] dpid=6 port=1 rx=256 tx=988
[PORT] dpid=6 port=2 rx=42 tx=237
[PORT] dpid=6 port=4 rx=922 tx=250
[PORT] dpid=6 port=4294967294 rx=113 tx=0
[PORT] dpid=6 port=3 rx=42 tx=235
[FLOW] dpid=3 prio=10 pkts=2 bytes=140
[FLOW] dpid=3 prio=10 pkts=2 bytes=140
[FLOW] dpid=3 prio=10 pkts=2 bytes=140
[FLOW] dpid=3 prio=10 pkts=2 bytes=140
[FLOW] dpid=3 prio=10 pkts=2 bytes=140
[FLOW] dpid=3 prio=10 pkts=2 bytes=140
[FLOW] dpid=3 prio=10 pkts=2 bytes=140
[FLOW] dpid=3 prio=10 pkts=2 bytes=140
[FLOW] dpid=3 prio=10 pkts=2 bytes=140
[FLOW] dpid=3 prio=10 pkts=16 bytes=1387
[FLOW] dpid=3 prio=10 pkts=881 bytes=1289040
[FLOW] dpid=3 prio=50 pkts=2 bytes=140
[FLOW] dpid=3 prio=10 pkts=2 bytes=140
[FLOW] dpid=3 prio=50 pkts=2 bytes=140
[FLOW] dpid=3 prio=10 pkts=2 bytes=140
[FLOW] dpid=3 prio=50 pkts=2 bytes=140
[FLOW] dpid=3 prio=10 pkts=2 bytes=140
[FLOW] dpid=3 prio=50 pkts=2 bytes=140
[FLOW] dpid=3 prio=10 pkts=2 bytes=140
[FLOW] dpid=3 prio=50 pkts=2 bytes=140
[FLOW] dpid=3 prio=10 pkts=2 bytes=140
[FLOW] dpid=3 prio=50 pkts=2 bytes=140
[FLOW] dpid=3 prio=10 pkts=2 bytes=140
[FLOW] dpid=3 prio=100 pkts=2 bytes=140
[FLOW] dpid=3 prio=10 pkts=2 bytes=140
[FLOW] dpid=3 prio=100 pkts=2 bytes=140
[FLOW] dpid=3 prio=10 pkts=2 bytes=140
[FLOW] dpid=3 prio=100 pkts=2 bytes=140
[FLOW] dpid=3 prio=10 pkts=2 bytes=140
[FLOW] dpid=3 prio=100 pkts=2 bytes=140
[FLOW] dpid=3 prio=10 pkts=2 bytes=140
[FLOW] dpid=3 prio=100 pkts=2 bytes=140
[FLOW] dpid=3 prio=10 pkts=2 bytes=140
[FLOW] dpid=3 prio=100 pkts=2 bytes=140
[FLOW] dpid=3 prio=10 pkts=2 bytes=140
[FLOW] dpid=3 prio=10 pkts=2 bytes=140
[FLOW] dpid=3 prio=1 pkts=144 bytes=6048
[FLOW] dpid=3 prio=0 pkts=280 bytes=26137
[PORT] dpid=3 port=1 rx=199 tx=40
[PORT] dpid=3 port=2 rx=208 tx=1038
[PORT] dpid=3 port=4294967294 rx=41 tx=0
[PORT] dpid=3 port=3 rx=988 tx=256
[FLOW] dpid=2 prio=10 pkts=2 bytes=140
[FLOW] dpid=2 prio=10 pkts=2 bytes=140
[FLOW] dpid=2 prio=10 pkts=2 bytes=140
[FLOW] dpid=2 prio=50 pkts=2 bytes=140
[FLOW] dpid=2 prio=10 pkts=8844 bytes=624780
[FLOW] dpid=2 prio=50 pkts=9590 bytes=26612891
[FLOW] dpid=2 prio=100 pkts=2 bytes=140
[FLOW] dpid=2 prio=100 pkts=2 bytes=140
[FLOW] dpid=2 prio=10 pkts=2 bytes=140
[FLOW] dpid=2 prio=10 pkts=2 bytes=140
[FLOW] dpid=2 prio=10 pkts=2 bytes=140
[FLOW] dpid=2 prio=10 pkts=2 bytes=140
[FLOW] dpid=2 prio=10 pkts=2 bytes=140
[FLOW] dpid=2 prio=10 pkts=2 bytes=140
[FLOW] dpid=2 prio=10 pkts=2 bytes=140
[FLOW] dpid=2 prio=10 pkts=2 bytes=140
[FLOW] dpid=2 prio=1 pkts=72 bytes=3024
[FLOW] dpid=2 prio=0 pkts=198 bytes=18771
[PORT] dpid=2 port=2 rx=41 tx=210
[PORT] dpid=2 port=1 rx=9983 tx=9091
[PORT] dpid=2 port=4294967294 rx=84 tx=0
[PORT] dpid=2 port=3 rx=9058 tx=9996
[FLOW] dpid=6 prio=10 pkts=2 bytes=140
[FLOW] dpid=6 prio=10 pkts=2 bytes=140
[FLOW] dpid=6 prio=10 pkts=2 bytes=140
[FLOW] dpid=6 prio=10 pkts=2 bytes=140
[FLOW] dpid=6 prio=10 pkts=2 bytes=140
[FLOW] dpid=6 prio=10 pkts=2 bytes=140
[FLOW] dpid=6 prio=10 pkts=2 bytes=140
[FLOW] dpid=6 prio=10 pkts=2 bytes=140
[FLOW] dpid=6 prio=10 pkts=2 bytes=140
[FLOW] dpid=6 prio=10 pkts=16 bytes=1387
[FLOW] dpid=6 prio=10 pkts=881 bytes=1289040
[FLOW] dpid=6 prio=50 pkts=2 bytes=140
[FLOW] dpid=6 prio=10 pkts=2 bytes=140
[FLOW] dpid=6 prio=50 pkts=2 bytes=140
[FLOW] dpid=6 prio=10 pkts=2 bytes=140
[FLOW] dpid=6 prio=50 pkts=2 bytes=140
[FLOW] dpid=6 prio=10 pkts=2 bytes=140
[FLOW] dpid=6 prio=50 pkts=2 bytes=140
[FLOW] dpid=6 prio=10 pkts=2 bytes=140
[FLOW] dpid=6 prio=50 pkts=2 bytes=140
[FLOW] dpid=6 prio=10 pkts=2 bytes=140
[FLOW] dpid=6 prio=50 pkts=2 bytes=140
[FLOW] dpid=6 prio=10 pkts=2 bytes=140
[FLOW] dpid=6 prio=100 pkts=2 bytes=140
[FLOW] dpid=6 prio=10 pkts=2 bytes=140
[FLOW] dpid=6 prio=100 pkts=2 bytes=140
[FLOW] dpid=6 prio=10 pkts=2 bytes=140
[FLOW] dpid=6 prio=100 pkts=2 bytes=140
[FLOW] dpid=6 prio=10 pkts=2 bytes=140
[FLOW] dpid=6 prio=100 pkts=2 bytes=140
[FLOW] dpid=6 prio=10 pkts=2 bytes=140
[FLOW] dpid=6 prio=100 pkts=2 bytes=140
[FLOW] dpid=6 prio=10 pkts=2 bytes=140
[FLOW] dpid=6 prio=100 pkts=2 bytes=140
[FLOW] dpid=6 prio=10 pkts=2 bytes=140
[FLOW] dpid=6 prio=10 pkts=2 bytes=140
[FLOW] dpid=6 prio=10 pkts=2 bytes=140
[FLOW] dpid=6 prio=10 pkts=2 bytes=140
[FLOW] dpid=6 prio=10 pkts=2 bytes=140
[FLOW] dpid=6 prio=10 pkts=2 bytes=140
[FLOW] dpid=6 prio=10 pkts=2 bytes=140
[FLOW] dpid=6 prio=10 pkts=2 bytes=140
[FLOW] dpid=6 prio=1 pkts=72 bytes=3024
[FLOW] dpid=6 prio=0 pkts=216 bytes=18596
[PORT] dpid=6 port=1 rx=266 tx=992
[PORT] dpid=6 port=2 rx=43 tx=249
[PORT] dpid=6 port=4 rx=923 tx=263
[PORT] dpid=6 port=4294967294 rx=128 tx=0
[PORT] dpid=6 port=3 rx=43 tx=248
[FLOW] dpid=4 prio=10 pkts=2 bytes=140
[FLOW] dpid=4 prio=10 pkts=2 bytes=140
[FLOW] dpid=4 prio=10 pkts=2 bytes=140
[FLOW] dpid=4 prio=10 pkts=2 bytes=140
[FLOW] dpid=4 prio=10 pkts=2 bytes=140
[FLOW] dpid=4 prio=10 pkts=2 bytes=140
[FLOW] dpid=4 prio=10 pkts=2 bytes=140
[FLOW] dpid=4 prio=10 pkts=2 bytes=140
[FLOW] dpid=4 prio=50 pkts=2 bytes=140
[FLOW] dpid=4 prio=10 pkts=2 bytes=140
[FLOW] dpid=4 prio=50 pkts=2 bytes=140
[FLOW] dpid=4 prio=100 pkts=987 bytes=2706071
[FLOW] dpid=4 prio=100 pkts=2 bytes=140
[FLOW] dpid=4 prio=10 pkts=2 bytes=140
[FLOW] dpid=4 prio=10 pkts=2 bytes=140
[FLOW] dpid=4 prio=10 pkts=2 bytes=140
[FLOW] dpid=4 prio=10 pkts=2 bytes=140
[FLOW] dpid=4 prio=10 pkts=16 bytes=1387
[FLOW] dpid=4 prio=10 pkts=881 bytes=1289040
[FLOW] dpid=4 prio=50 pkts=2 bytes=140
[FLOW] dpid=4 prio=10 pkts=2 bytes=140
[FLOW] dpid=4 prio=50 pkts=2 bytes=140
[FLOW] dpid=4 prio=10 pkts=2 bytes=140
[FLOW] dpid=4 prio=50 pkts=2 bytes=140
[FLOW] dpid=4 prio=10 pkts=2 bytes=140
[FLOW] dpid=4 prio=50 pkts=2 bytes=140
[FLOW] dpid=4 prio=10 pkts=2 bytes=140
[FLOW] dpid=4 prio=50 pkts=2 bytes=140
[FLOW] dpid=4 prio=10 pkts=2 bytes=140
[FLOW] dpid=4 prio=50 pkts=2 bytes=140
[FLOW] dpid=4 prio=10 pkts=2 bytes=140
[FLOW] dpid=4 prio=10 pkts=969 bytes=62326
[FLOW] dpid=4 prio=100 pkts=2 bytes=140
[FLOW] dpid=4 prio=10 pkts=2 bytes=140
[FLOW] dpid=4 prio=100 pkts=2 bytes=140
[FLOW] dpid=4 prio=10 pkts=2 bytes=140
[FLOW] dpid=4 prio=100 pkts=2 bytes=140
[FLOW] dpid=4 prio=10 pkts=2 bytes=140
[FLOW] dpid=4 prio=10 pkts=2 bytes=140
[FLOW] dpid=4 prio=100 pkts=2 bytes=140
[FLOW] dpid=4 prio=10 pkts=2 bytes=140
[FLOW] dpid=4 prio=100 pkts=2 bytes=140
[FLOW] dpid=4 prio=10 pkts=2 bytes=140
[FLOW] dpid=4 prio=100 pkts=2 bytes=140
[FLOW] dpid=4 prio=10 pkts=2 bytes=140
[FLOW] dpid=4 prio=10 pkts=2 bytes=140
[FLOW] dpid=4 prio=1 pkts=72 bytes=3024
[FLOW] dpid=4 prio=0 pkts=230 bytes=21440
[PORT] dpid=4 port=1 rx=1042 tx=217
[PORT] dpid=4 port=2 rx=1178 tx=1145
[PORT] dpid=4 port=4294967294 rx=82 tx=0
[PORT] dpid=4 port=3 rx=1024 tx=2110
[FLOW] dpid=3 prio=10 pkts=2 bytes=140
[FLOW] dpid=3 prio=10 pkts=2 bytes=140
[FLOW] dpid=3 prio=10 pkts=2 bytes=140
[FLOW] dpid=3 prio=10 pkts=2 bytes=140
[FLOW] dpid=3 prio=10 pkts=2 bytes=140
[FLOW] dpid=3 prio=10 pkts=2 bytes=140
[FLOW] dpid=3 prio=10 pkts=2 bytes=140
[FLOW] dpid=3 prio=10 pkts=2 bytes=140
[FLOW] dpid=3 prio=10 pkts=2 bytes=140
[FLOW] dpid=3 prio=10 pkts=16 bytes=1387
[FLOW] dpid=3 prio=10 pkts=881 bytes=1289040
[FLOW] dpid=3 prio=50 pkts=2 bytes=140
[FLOW] dpid=3 prio=10 pkts=2 bytes=140
[FLOW] dpid=3 prio=50 pkts=2 bytes=140
[FLOW] dpid=3 prio=10 pkts=2 bytes=140
[FLOW] dpid=3 prio=50 pkts=2 bytes=140
[FLOW] dpid=3 prio=10 pkts=2 bytes=140
[FLOW] dpid=3 prio=50 pkts=2 bytes=140
[FLOW] dpid=3 prio=10 pkts=2 bytes=140
[FLOW] dpid=3 prio=50 pkts=2 bytes=140
[FLOW] dpid=3 prio=10 pkts=2 bytes=140
[FLOW] dpid=3 prio=50 pkts=2 bytes=140
[FLOW] dpid=3 prio=10 pkts=2 bytes=140
[FLOW] dpid=3 prio=100 pkts=2 bytes=140
[FLOW] dpid=3 prio=10 pkts=2 bytes=140
[FLOW] dpid=3 prio=100 pkts=2 bytes=140
[FLOW] dpid=3 prio=10 pkts=2 bytes=140
[FLOW] dpid=3 prio=100 pkts=2 bytes=140
[FLOW] dpid=3 prio=10 pkts=2 bytes=140
[FLOW] dpid=3 prio=100 pkts=2 bytes=140
[FLOW] dpid=3 prio=10 pkts=2 bytes=140
[FLOW] dpid=3 prio=100 pkts=2 bytes=140
[FLOW] dpid=3 prio=10 pkts=2 bytes=140
[FLOW] dpid=3 prio=100 pkts=2 bytes=140
[FLOW] dpid=3 prio=10 pkts=2 bytes=140
[FLOW] dpid=3 prio=10 pkts=2 bytes=140
[FLOW] dpid=3 prio=1 pkts=144 bytes=6048
[FLOW] dpid=3 prio=0 pkts=304 bytes=27637
[PORT] dpid=3 port=1 rx=210 tx=41
[PORT] dpid=3 port=2 rx=217 tx=1042
[PORT] dpid=3 port=4294967294 rx=46 tx=0
[PORT] dpid=3 port=3 rx=992 tx=266
[FLOW] dpid=5 prio=10 pkts=2 bytes=140
[FLOW] dpid=5 prio=50 pkts=2 bytes=140
[FLOW] dpid=5 prio=10 pkts=8842 bytes=624592
[FLOW] dpid=5 prio=50 pkts=11273 bytes=30688593
[FLOW] dpid=5 prio=100 pkts=2 bytes=140
[FLOW] dpid=5 prio=100 pkts=2 bytes=140
[FLOW] dpid=5 prio=10 pkts=2 bytes=140
[FLOW] dpid=5 prio=50 pkts=2 bytes=140
[FLOW] dpid=5 prio=10 pkts=2 bytes=140
[FLOW] dpid=5 prio=50 pkts=2 bytes=140
[FLOW] dpid=5 prio=10 pkts=969 bytes=62326
[FLOW] dpid=5 prio=100 pkts=996 bytes=2706909
[FLOW] dpid=5 prio=10 pkts=2 bytes=140
[FLOW] dpid=5 prio=100 pkts=2 bytes=140
[FLOW] dpid=5 prio=50 pkts=2 bytes=140
[FLOW] dpid=5 prio=50 pkts=2 bytes=140
[FLOW] dpid=5 prio=50 pkts=2 bytes=140
[FLOW] dpid=5 prio=100 pkts=2 bytes=140
[FLOW] dpid=5 prio=50 pkts=2 bytes=140
[FLOW] dpid=5 prio=100 pkts=2 bytes=140
[FLOW] dpid=5 prio=50 pkts=2 bytes=140
[FLOW] dpid=5 prio=10 pkts=2 bytes=140
[FLOW] dpid=5 prio=10 pkts=2 bytes=140
[FLOW] dpid=5 prio=50 pkts=2 bytes=140
[FLOW] dpid=5 prio=10 pkts=2 bytes=140
[FLOW] dpid=5 prio=50 pkts=2 bytes=140
[FLOW] dpid=5 prio=100 pkts=2 bytes=140
[FLOW] dpid=5 prio=50 pkts=2 bytes=140
[FLOW] dpid=5 prio=100 pkts=2 bytes=140
[FLOW] dpid=5 prio=50 pkts=2 bytes=140
[FLOW] dpid=5 prio=10 pkts=2 bytes=140
[FLOW] dpid=5 prio=50 pkts=2 bytes=140
[FLOW] dpid=5 prio=10 pkts=2 bytes=140
[FLOW] dpid=5 prio=50 pkts=2 bytes=140
[FLOW] dpid=5 prio=10 pkts=2 bytes=140
[FLOW] dpid=5 prio=10 pkts=2 bytes=140
[FLOW] dpid=5 prio=100 pkts=2 bytes=140
[FLOW] dpid=5 prio=100 pkts=2 bytes=140
[FLOW] dpid=5 prio=100 pkts=2 bytes=140
[FLOW] dpid=5 prio=10 pkts=2 bytes=140
[FLOW] dpid=5 prio=100 pkts=2 bytes=140
[FLOW] dpid=5 prio=10 pkts=2 bytes=140
[FLOW] dpid=5 prio=100 pkts=2 bytes=140
[FLOW] dpid=5 prio=10 pkts=2 bytes=140
[FLOW] dpid=5 prio=10 pkts=2 bytes=140
[FLOW] dpid=5 prio=100 pkts=2 bytes=140
[FLOW] dpid=5 prio=10 pkts=2 bytes=140
[FLOW] dpid=5 prio=100 pkts=2 bytes=140
[FLOW] dpid=5 prio=10 pkts=2 bytes=140
[FLOW] dpid=5 prio=100 pkts=2 bytes=140
[FLOW] dpid=5 prio=10 pkts=2 bytes=140
[FLOW] dpid=5 prio=50 pkts=2 bytes=140
[FLOW] dpid=5 prio=1 pkts=72 bytes=3024
[FLOW] dpid=5 prio=0 pkts=226 bytes=19763
[PORT] dpid=5 port=2 rx=43 tx=245
[PORT] dpid=5 port=5 rx=43 tx=241
[PORT] dpid=5 port=4 rx=1037 tx=1211
[PORT] dpid=5 port=1 rx=10220 tx=10872
[PORT] dpid=5 port=4294967294 rx=162 tx=0
[PORT] dpid=5 port=3 rx=11488 tx=9253
[FLOW] dpid=1 prio=10 pkts=2 bytes=140
[FLOW] dpid=1 prio=10 pkts=2 bytes=140
[FLOW] dpid=1 prio=10 pkts=2 bytes=140
[FLOW] dpid=1 prio=50 pkts=2 bytes=140
[FLOW] dpid=1 prio=10 pkts=8843 bytes=624686
[FLOW] dpid=1 prio=50 pkts=9591 bytes=26614405
[FLOW] dpid=1 prio=100 pkts=2 bytes=140
[FLOW] dpid=1 prio=100 pkts=2 bytes=140
[FLOW] dpid=1 prio=10 pkts=2 bytes=140
[FLOW] dpid=1 prio=10 pkts=2 bytes=140
[FLOW] dpid=1 prio=10 pkts=2 bytes=140
[FLOW] dpid=1 prio=10 pkts=2 bytes=140
[FLOW] dpid=1 prio=10 pkts=2 bytes=140
[FLOW] dpid=1 prio=10 pkts=2 bytes=140
[FLOW] dpid=1 prio=50 pkts=2 bytes=140
[FLOW] dpid=1 prio=10 pkts=2 bytes=140
[FLOW] dpid=1 prio=50 pkts=2 bytes=140
[FLOW] dpid=1 prio=10 pkts=969 bytes=62326
[FLOW] dpid=1 prio=100 pkts=987 bytes=2706071
[FLOW] dpid=1 prio=10 pkts=2 bytes=140
[FLOW] dpid=1 prio=100 pkts=2 bytes=140
[FLOW] dpid=1 prio=50 pkts=2 bytes=140
[FLOW] dpid=1 prio=10 pkts=2 bytes=140
[FLOW] dpid=1 prio=50 pkts=2 bytes=140
[FLOW] dpid=1 prio=10 pkts=2 bytes=140
[FLOW] dpid=1 prio=50 pkts=2 bytes=140
[FLOW] dpid=1 prio=10 pkts=2 bytes=140
[FLOW] dpid=1 prio=50 pkts=2 bytes=140
[FLOW] dpid=1 prio=10 pkts=2 bytes=140
[FLOW] dpid=1 prio=50 pkts=2 bytes=140
[FLOW] dpid=1 prio=10 pkts=2 bytes=140
[FLOW] dpid=1 prio=50 pkts=2 bytes=140
[FLOW] dpid=1 prio=10 pkts=2 bytes=140
[FLOW] dpid=1 prio=10 pkts=2 bytes=140
[FLOW] dpid=1 prio=100 pkts=2 bytes=140
[FLOW] dpid=1 prio=10 pkts=2 bytes=140
[FLOW] dpid=1 prio=100 pkts=2 bytes=140
[FLOW] dpid=1 prio=10 pkts=2 bytes=140
[FLOW] dpid=1 prio=100 pkts=2 bytes=140
[FLOW] dpid=1 prio=10 pkts=2 bytes=140
[FLOW] dpid=1 prio=10 pkts=2 bytes=140
[FLOW] dpid=1 prio=100 pkts=2 bytes=140
[FLOW] dpid=1 prio=10 pkts=2 bytes=140
[FLOW] dpid=1 prio=100 pkts=2 bytes=140
[FLOW] dpid=1 prio=10 pkts=2 bytes=140
[FLOW] dpid=1 prio=100 pkts=2 bytes=140
[FLOW] dpid=1 prio=10 pkts=2 bytes=140
[FLOW] dpid=1 prio=10 pkts=2 bytes=140
[FLOW] dpid=1 prio=1 pkts=72 bytes=3024
[FLOW] dpid=1 prio=0 pkts=213 bytes=22248
[PORT] dpid=1 port=1 rx=9091 tx=9983
[PORT] dpid=1 port=2 rx=1145 tx=1178
[PORT] dpid=1 port=4294967294 rx=120 tx=0
[PORT] dpid=1 port=3 rx=10872 tx=10220
[FLOW] dpid=2 prio=10 pkts=2 bytes=140
[FLOW] dpid=2 prio=10 pkts=2 bytes=140
[FLOW] dpid=2 prio=10 pkts=1930 bytes=127416
[FLOW] dpid=2 prio=50 pkts=2244 bytes=6144527
[FLOW] dpid=2 prio=10 pkts=11536 bytes=839383
[FLOW] dpid=2 prio=50 pkts=12276 bytes=32710263
[FLOW] dpid=2 prio=100 pkts=2 bytes=140
[FLOW] dpid=2 prio=100 pkts=2 bytes=140
[FLOW] dpid=2 prio=10 pkts=2 bytes=140
[FLOW] dpid=2 prio=10 pkts=2 bytes=140
[FLOW] dpid=2 prio=10 pkts=2 bytes=140
[FLOW] dpid=2 prio=10 pkts=2 bytes=140
[FLOW] dpid=2 prio=10 pkts=2 bytes=140
[FLOW] dpid=2 prio=10 pkts=2 bytes=140
[FLOW] dpid=2 prio=10 pkts=2 bytes=140
[FLOW] dpid=2 prio=10 pkts=2 bytes=140
[FLOW] dpid=2 prio=1 pkts=72 bytes=3024
[FLOW] dpid=2 prio=0 pkts=203 bytes=19031
[PORT] dpid=2 port=2 rx=41 tx=215
[PORT] dpid=2 port=1 rx=14867 tx=13647
[PORT] dpid=2 port=4294967294 rx=94 tx=0
[PORT] dpid=2 port=3 rx=13612 tx=14881
[FLOW] dpid=1 prio=10 pkts=2 bytes=140
[FLOW] dpid=1 prio=10 pkts=2 bytes=140
[FLOW] dpid=1 prio=10 pkts=1929 bytes=127350
[FLOW] dpid=1 prio=50 pkts=2244 bytes=6144527
[FLOW] dpid=1 prio=10 pkts=11536 bytes=839383
[FLOW] dpid=1 prio=50 pkts=12276 bytes=32710263
[FLOW] dpid=1 prio=100 pkts=2 bytes=140
[FLOW] dpid=1 prio=100 pkts=2 bytes=140
[FLOW] dpid=1 prio=10 pkts=2 bytes=140
[FLOW] dpid=1 prio=10 pkts=2 bytes=140
[FLOW] dpid=1 prio=10 pkts=2 bytes=140
[FLOW] dpid=1 prio=10 pkts=2 bytes=140
[FLOW] dpid=1 prio=10 pkts=2 bytes=140
[FLOW] dpid=1 prio=10 pkts=2 bytes=140
[FLOW] dpid=1 prio=50 pkts=2 bytes=140
[FLOW] dpid=1 prio=10 pkts=2 bytes=140
[FLOW] dpid=1 prio=50 pkts=2 bytes=140
[FLOW] dpid=1 prio=10 pkts=969 bytes=62326
[FLOW] dpid=1 prio=100 pkts=987 bytes=2706071
[FLOW] dpid=1 prio=10 pkts=2 bytes=140
[FLOW] dpid=1 prio=100 pkts=2 bytes=140
[FLOW] dpid=1 prio=50 pkts=2 bytes=140
[FLOW] dpid=1 prio=10 pkts=2 bytes=140
[FLOW] dpid=1 prio=50 pkts=2 bytes=140
[FLOW] dpid=1 prio=10 pkts=2 bytes=140
[FLOW] dpid=1 prio=50 pkts=2 bytes=140
[FLOW] dpid=1 prio=10 pkts=2 bytes=140
[FLOW] dpid=1 prio=50 pkts=2 bytes=140
[FLOW] dpid=1 prio=10 pkts=2 bytes=140
[FLOW] dpid=1 prio=50 pkts=2 bytes=140
[FLOW] dpid=1 prio=10 pkts=2 bytes=140
[FLOW] dpid=1 prio=50 pkts=2 bytes=140
[FLOW] dpid=1 prio=10 pkts=2 bytes=140
[FLOW] dpid=1 prio=10 pkts=2 bytes=140
[FLOW] dpid=1 prio=100 pkts=2 bytes=140
[FLOW] dpid=1 prio=10 pkts=2 bytes=140
[FLOW] dpid=1 prio=100 pkts=2 bytes=140
[FLOW] dpid=1 prio=10 pkts=2 bytes=140
[FLOW] dpid=1 prio=100 pkts=2 bytes=140
[FLOW] dpid=1 prio=10 pkts=2 bytes=140
[FLOW] dpid=1 prio=10 pkts=2 bytes=140
[FLOW] dpid=1 prio=100 pkts=2 bytes=140
[FLOW] dpid=1 prio=10 pkts=2 bytes=140
[FLOW] dpid=1 prio=100 pkts=2 bytes=140
[FLOW] dpid=1 prio=10 pkts=2 bytes=140
[FLOW] dpid=1 prio=100 pkts=2 bytes=140
[FLOW] dpid=1 prio=10 pkts=2 bytes=140
[FLOW] dpid=1 prio=10 pkts=2 bytes=140
[FLOW] dpid=1 prio=1 pkts=72 bytes=3024
[FLOW] dpid=1 prio=0 pkts=213 bytes=22248
[PORT] dpid=1 port=1 rx=13647 tx=14867
[PORT] dpid=1 port=2 rx=1145 tx=1183
[PORT] dpid=1 port=4294967294 rx=135 tx=0
[PORT] dpid=1 port=3 rx=15751 tx=14781
[FLOW] dpid=3 prio=10 pkts=2 bytes=140
[FLOW] dpid=3 prio=10 pkts=2 bytes=140
[FLOW] dpid=3 prio=10 pkts=2 bytes=140
[FLOW] dpid=3 prio=10 pkts=2 bytes=140
[FLOW] dpid=3 prio=10 pkts=2 bytes=140
[FLOW] dpid=3 prio=10 pkts=2 bytes=140
[FLOW] dpid=3 prio=10 pkts=2 bytes=140
[FLOW] dpid=3 prio=10 pkts=2 bytes=140
[FLOW] dpid=3 prio=10 pkts=2 bytes=140
[FLOW] dpid=3 prio=10 pkts=16 bytes=1387
[FLOW] dpid=3 prio=10 pkts=881 bytes=1289040
[FLOW] dpid=3 prio=50 pkts=2 bytes=140
[FLOW] dpid=3 prio=10 pkts=2 bytes=140
[FLOW] dpid=3 prio=50 pkts=2 bytes=140
[FLOW] dpid=3 prio=10 pkts=2 bytes=140
[FLOW] dpid=3 prio=50 pkts=2 bytes=140
[FLOW] dpid=3 prio=10 pkts=2 bytes=140
[FLOW] dpid=3 prio=50 pkts=2 bytes=140
[FLOW] dpid=3 prio=10 pkts=2 bytes=140
[FLOW] dpid=3 prio=50 pkts=2 bytes=140
[FLOW] dpid=3 prio=10 pkts=2 bytes=140
[FLOW] dpid=3 prio=50 pkts=2 bytes=140
[FLOW] dpid=3 prio=10 pkts=2 bytes=140
[FLOW] dpid=3 prio=100 pkts=2 bytes=140
[FLOW] dpid=3 prio=10 pkts=2 bytes=140
[FLOW] dpid=3 prio=100 pkts=2 bytes=140
[FLOW] dpid=3 prio=10 pkts=2 bytes=140
[FLOW] dpid=3 prio=100 pkts=2 bytes=140
[FLOW] dpid=3 prio=10 pkts=2 bytes=140
[FLOW] dpid=3 prio=100 pkts=2 bytes=140
[FLOW] dpid=3 prio=10 pkts=2 bytes=140
[FLOW] dpid=3 prio=100 pkts=2 bytes=140
[FLOW] dpid=3 prio=10 pkts=2 bytes=140
[FLOW] dpid=3 prio=100 pkts=2 bytes=140
[FLOW] dpid=3 prio=10 pkts=2 bytes=140
[FLOW] dpid=3 prio=10 pkts=2 bytes=140
[FLOW] dpid=3 prio=1 pkts=144 bytes=6048
[FLOW] dpid=3 prio=0 pkts=314 bytes=28157
[PORT] dpid=3 port=1 rx=215 tx=41
[PORT] dpid=3 port=2 rx=222 tx=1042
[PORT] dpid=3 port=4294967294 rx=51 tx=0
[PORT] dpid=3 port=3 rx=992 tx=271
[FLOW] dpid=4 prio=10 pkts=2 bytes=140
[FLOW] dpid=4 prio=10 pkts=2 bytes=140
[FLOW] dpid=4 prio=10 pkts=2 bytes=140
[FLOW] dpid=4 prio=10 pkts=2 bytes=140
[FLOW] dpid=4 prio=10 pkts=2 bytes=140
[FLOW] dpid=4 prio=10 pkts=2 bytes=140
[FLOW] dpid=4 prio=10 pkts=2 bytes=140
[FLOW] dpid=4 prio=10 pkts=2 bytes=140
[FLOW] dpid=4 prio=50 pkts=2 bytes=140
[FLOW] dpid=4 prio=10 pkts=2 bytes=140
[FLOW] dpid=4 prio=50 pkts=2 bytes=140
[FLOW] dpid=4 prio=100 pkts=987 bytes=2706071
[FLOW] dpid=4 prio=100 pkts=2 bytes=140
[FLOW] dpid=4 prio=10 pkts=2 bytes=140
[FLOW] dpid=4 prio=10 pkts=2 bytes=140
[FLOW] dpid=4 prio=10 pkts=2 bytes=140
[FLOW] dpid=4 prio=10 pkts=2 bytes=140
[FLOW] dpid=4 prio=10 pkts=16 bytes=1387
[FLOW] dpid=4 prio=10 pkts=881 bytes=1289040
[FLOW] dpid=4 prio=50 pkts=2 bytes=140
[FLOW] dpid=4 prio=10 pkts=2 bytes=140
[FLOW] dpid=4 prio=50 pkts=2 bytes=140
[FLOW] dpid=4 prio=10 pkts=2 bytes=140
[FLOW] dpid=4 prio=50 pkts=2 bytes=140
[FLOW] dpid=4 prio=10 pkts=2 bytes=140
[FLOW] dpid=4 prio=50 pkts=2 bytes=140
[FLOW] dpid=4 prio=10 pkts=2 bytes=140
[FLOW] dpid=4 prio=50 pkts=2 bytes=140
[FLOW] dpid=4 prio=10 pkts=2 bytes=140
[FLOW] dpid=4 prio=50 pkts=2 bytes=140
[FLOW] dpid=4 prio=10 pkts=2 bytes=140
[FLOW] dpid=4 prio=10 pkts=969 bytes=62326
[FLOW] dpid=4 prio=100 pkts=2 bytes=140
[FLOW] dpid=4 prio=10 pkts=2 bytes=140
[FLOW] dpid=4 prio=100 pkts=2 bytes=140
[FLOW] dpid=4 prio=10 pkts=2 bytes=140
[FLOW] dpid=4 prio=100 pkts=2 bytes=140
[FLOW] dpid=4 prio=10 pkts=2 bytes=140
[FLOW] dpid=4 prio=10 pkts=2 bytes=140
[FLOW] dpid=4 prio=100 pkts=2 bytes=140
[FLOW] dpid=4 prio=10 pkts=2 bytes=140
[FLOW] dpid=4 prio=100 pkts=2 bytes=140
[FLOW] dpid=4 prio=10 pkts=2 bytes=140
[FLOW] dpid=4 prio=100 pkts=2 bytes=140
[FLOW] dpid=4 prio=10 pkts=2 bytes=140
[FLOW] dpid=4 prio=10 pkts=2 bytes=140
[FLOW] dpid=4 prio=1 pkts=72 bytes=3024
[FLOW] dpid=4 prio=0 pkts=235 bytes=21700
[PORT] dpid=4 port=1 rx=1042 tx=222
[PORT] dpid=4 port=2 rx=1183 tx=1145
[PORT] dpid=4 port=4294967294 rx=92 tx=0
[PORT] dpid=4 port=3 rx=1024 tx=2115
[FLOW] dpid=5 prio=10 pkts=1929 bytes=127350
[FLOW] dpid=5 prio=50 pkts=2386 bytes=6536171
[FLOW] dpid=5 prio=10 pkts=11536 bytes=839383
[FLOW] dpid=5 prio=50 pkts=12998 bytes=34582397
[FLOW] dpid=5 prio=100 pkts=2 bytes=140
[FLOW] dpid=5 prio=100 pkts=2 bytes=140
[FLOW] dpid=5 prio=10 pkts=2 bytes=140
[FLOW] dpid=5 prio=50 pkts=2 bytes=140
[FLOW] dpid=5 prio=10 pkts=2 bytes=140
[FLOW] dpid=5 prio=50 pkts=2 bytes=140
[FLOW] dpid=5 prio=10 pkts=969 bytes=62326
[FLOW] dpid=5 prio=100 pkts=996 bytes=2706909
[FLOW] dpid=5 prio=10 pkts=2 bytes=140
[FLOW] dpid=5 prio=100 pkts=2 bytes=140
[FLOW] dpid=5 prio=50 pkts=2 bytes=140
[FLOW] dpid=5 prio=50 pkts=2 bytes=140
[FLOW] dpid=5 prio=50 pkts=2 bytes=140
[FLOW] dpid=5 prio=100 pkts=2 bytes=140
[FLOW] dpid=5 prio=50 pkts=2 bytes=140
[FLOW] dpid=5 prio=100 pkts=2 bytes=140
[FLOW] dpid=5 prio=50 pkts=2 bytes=140
[FLOW] dpid=5 prio=10 pkts=2 bytes=140
[FLOW] dpid=5 prio=10 pkts=2 bytes=140
[FLOW] dpid=5 prio=50 pkts=2 bytes=140
[FLOW] dpid=5 prio=10 pkts=2 bytes=140
[FLOW] dpid=5 prio=50 pkts=2 bytes=140
[FLOW] dpid=5 prio=100 pkts=2 bytes=140
[FLOW] dpid=5 prio=50 pkts=2 bytes=140
[FLOW] dpid=5 prio=100 pkts=2 bytes=140
[FLOW] dpid=5 prio=50 pkts=2 bytes=140
[FLOW] dpid=5 prio=10 pkts=2 bytes=140
[FLOW] dpid=5 prio=50 pkts=2 bytes=140
[FLOW] dpid=5 prio=10 pkts=2 bytes=140
[FLOW] dpid=5 prio=50 pkts=2 bytes=140
[FLOW] dpid=5 prio=10 pkts=2 bytes=140
[FLOW] dpid=5 prio=10 pkts=2 bytes=140
[FLOW] dpid=5 prio=100 pkts=2 bytes=140
[FLOW] dpid=5 prio=100 pkts=2 bytes=140
[FLOW] dpid=5 prio=100 pkts=2 bytes=140
[FLOW] dpid=5 prio=10 pkts=2 bytes=140
[FLOW] dpid=5 prio=100 pkts=2 bytes=140
[FLOW] dpid=5 prio=10 pkts=2 bytes=140
[FLOW] dpid=5 prio=100 pkts=2 bytes=140
[FLOW] dpid=5 prio=10 pkts=2 bytes=140
[FLOW] dpid=5 prio=10 pkts=2 bytes=140
[FLOW] dpid=5 prio=100 pkts=2 bytes=140
[FLOW] dpid=5 prio=10 pkts=2 bytes=140
[FLOW] dpid=5 prio=100 pkts=2 bytes=140
[FLOW] dpid=5 prio=10 pkts=2 bytes=140
[FLOW] dpid=5 prio=100 pkts=2 bytes=140
[FLOW] dpid=5 prio=10 pkts=2 bytes=140
[FLOW] dpid=5 prio=50 pkts=2 bytes=140
[FLOW] dpid=5 prio=1 pkts=72 bytes=3024
[FLOW] dpid=5 prio=0 pkts=231 bytes=20023
[PORT] dpid=5 port=2 rx=2554 tx=2283
[PORT] dpid=5 port=5 rx=43 tx=246
[PORT] dpid=5 port=4 rx=1037 tx=1216
[PORT] dpid=5 port=1 rx=14781 tx=15751
[PORT] dpid=5 port=4294967294 rx=182 tx=0
[PORT] dpid=5 port=3 rx=13040 tx=11780
[FLOW] dpid=6 prio=10 pkts=2 bytes=140
[FLOW] dpid=6 prio=10 pkts=2 bytes=140
[FLOW] dpid=6 prio=10 pkts=2 bytes=140
[FLOW] dpid=6 prio=10 pkts=2 bytes=140
[FLOW] dpid=6 prio=10 pkts=2 bytes=140
[FLOW] dpid=6 prio=10 pkts=2 bytes=140
[FLOW] dpid=6 prio=10 pkts=2 bytes=140
[FLOW] dpid=6 prio=10 pkts=2 bytes=140
[FLOW] dpid=6 prio=10 pkts=2 bytes=140
[FLOW] dpid=6 prio=10 pkts=16 bytes=1387
[FLOW] dpid=6 prio=10 pkts=881 bytes=1289040
[FLOW] dpid=6 prio=50 pkts=2 bytes=140
[FLOW] dpid=6 prio=10 pkts=2 bytes=140
[FLOW] dpid=6 prio=50 pkts=2 bytes=140
[FLOW] dpid=6 prio=10 pkts=2 bytes=140
[FLOW] dpid=6 prio=50 pkts=2 bytes=140
[FLOW] dpid=6 prio=10 pkts=2 bytes=140
[FLOW] dpid=6 prio=50 pkts=2 bytes=140
[FLOW] dpid=6 prio=10 pkts=2 bytes=140
[FLOW] dpid=6 prio=50 pkts=2 bytes=140
[FLOW] dpid=6 prio=10 pkts=2 bytes=140
[FLOW] dpid=6 prio=50 pkts=2 bytes=140
[FLOW] dpid=6 prio=10 pkts=2 bytes=140
[FLOW] dpid=6 prio=100 pkts=2 bytes=140
[FLOW] dpid=6 prio=10 pkts=2 bytes=140
[FLOW] dpid=6 prio=100 pkts=2 bytes=140
[FLOW] dpid=6 prio=10 pkts=2 bytes=140
[FLOW] dpid=6 prio=100 pkts=2 bytes=140
[FLOW] dpid=6 prio=10 pkts=2 bytes=140
[FLOW] dpid=6 prio=100 pkts=2 bytes=140
[FLOW] dpid=6 prio=10 pkts=2 bytes=140
[FLOW] dpid=6 prio=100 pkts=2 bytes=140
[FLOW] dpid=6 prio=10 pkts=2 bytes=140
[FLOW] dpid=6 prio=100 pkts=2 bytes=140
[FLOW] dpid=6 prio=10 pkts=2 bytes=140
[FLOW] dpid=6 prio=10 pkts=2 bytes=140
[FLOW] dpid=6 prio=10 pkts=2 bytes=140
[FLOW] dpid=6 prio=10 pkts=2 bytes=140
[FLOW] dpid=6 prio=10 pkts=2 bytes=140
[FLOW] dpid=6 prio=10 pkts=2 bytes=140
[FLOW] dpid=6 prio=10 pkts=2 bytes=140
[FLOW] dpid=6 prio=10 pkts=2 bytes=140
[FLOW] dpid=6 prio=1 pkts=72 bytes=3024
[FLOW] dpid=6 prio=0 pkts=221 bytes=18856
[PORT] dpid=6 port=1 rx=271 tx=992
[PORT] dpid=6 port=2 rx=43 tx=254
[PORT] dpid=6 port=4 rx=923 tx=268
[PORT] dpid=6 port=4294967294 rx=143 tx=0
[PORT] dpid=6 port=3 rx=43 tx=253
[FLOW] dpid=2 prio=10 pkts=2 bytes=140
[FLOW] dpid=2 prio=10 pkts=2 bytes=140
[FLOW] dpid=2 prio=10 pkts=4354 bytes=284455
[FLOW] dpid=2 prio=50 pkts=5026 bytes=13695899
[FLOW] dpid=2 prio=10 pkts=11536 bytes=839383
[FLOW] dpid=2 prio=50 pkts=12276 bytes=32710263
[FLOW] dpid=2 prio=100 pkts=2 bytes=140
[FLOW] dpid=2 prio=100 pkts=2 bytes=140
[FLOW] dpid=2 prio=10 pkts=2 bytes=140
[FLOW] dpid=2 prio=10 pkts=2 bytes=140
[FLOW] dpid=2 prio=10 pkts=2 bytes=140
[FLOW] dpid=2 prio=10 pkts=2 bytes=140
[FLOW] dpid=2 prio=10 pkts=2 bytes=140
[FLOW] dpid=2 prio=10 pkts=2 bytes=140
[FLOW] dpid=2 prio=10 pkts=2 bytes=140
[FLOW] dpid=2 prio=10 pkts=2 bytes=140
[FLOW] dpid=2 prio=1 pkts=72 bytes=3024
[FLOW] dpid=2 prio=0 pkts=208 bytes=19291
[PORT] dpid=2 port=2 rx=41 tx=220
[PORT] dpid=2 port=1 rx=17532 tx=15965
[PORT] dpid=2 port=4294967294 rx=104 tx=0
[PORT] dpid=2 port=3 rx=15930 tx=17546
[FLOW] dpid=3 prio=10 pkts=2 bytes=140
[FLOW] dpid=3 prio=10 pkts=2 bytes=140
[FLOW] dpid=3 prio=10 pkts=2 bytes=140
[FLOW] dpid=3 prio=10 pkts=2 bytes=140
[FLOW] dpid=3 prio=10 pkts=2 bytes=140
[FLOW] dpid=3 prio=10 pkts=2 bytes=140
[FLOW] dpid=3 prio=10 pkts=2 bytes=140
[FLOW] dpid=3 prio=10 pkts=2 bytes=140
[FLOW] dpid=3 prio=10 pkts=2 bytes=140
[FLOW] dpid=3 prio=10 pkts=16 bytes=1387
[FLOW] dpid=3 prio=10 pkts=881 bytes=1289040
[FLOW] dpid=3 prio=50 pkts=2 bytes=140
[FLOW] dpid=3 prio=10 pkts=2 bytes=140
[FLOW] dpid=3 prio=50 pkts=2 bytes=140
[FLOW] dpid=3 prio=10 pkts=2 bytes=140
[FLOW] dpid=3 prio=50 pkts=2 bytes=140
[FLOW] dpid=3 prio=10 pkts=2 bytes=140
[FLOW] dpid=3 prio=50 pkts=2 bytes=140
[FLOW] dpid=3 prio=10 pkts=2 bytes=140
[FLOW] dpid=3 prio=50 pkts=2 bytes=140
[FLOW] dpid=3 prio=10 pkts=2 bytes=140
[FLOW] dpid=3 prio=50 pkts=2 bytes=140
[FLOW] dpid=3 prio=10 pkts=2 bytes=140
[FLOW] dpid=3 prio=100 pkts=2 bytes=140
[FLOW] dpid=3 prio=10 pkts=2 bytes=140
[FLOW] dpid=3 prio=100 pkts=2 bytes=140
[FLOW] dpid=3 prio=10 pkts=2 bytes=140
[FLOW] dpid=3 prio=100 pkts=2 bytes=140
[FLOW] dpid=3 prio=10 pkts=2 bytes=140
[FLOW] dpid=3 prio=100 pkts=2 bytes=140
[FLOW] dpid=3 prio=10 pkts=2 bytes=140
[FLOW] dpid=3 prio=100 pkts=2 bytes=140
[FLOW] dpid=3 prio=10 pkts=2 bytes=140
[FLOW] dpid=3 prio=100 pkts=2 bytes=140
[FLOW] dpid=3 prio=10 pkts=2 bytes=140
[FLOW] dpid=3 prio=10 pkts=2 bytes=140
[FLOW] dpid=3 prio=1 pkts=144 bytes=6048
[FLOW] dpid=3 prio=0 pkts=324 bytes=28677
[PORT] dpid=3 port=1 rx=220 tx=41
[PORT] dpid=3 port=2 rx=227 tx=1042
[PORT] dpid=3 port=4294967294 rx=56 tx=0
[PORT] dpid=3 port=3 rx=992 tx=276
[FLOW] dpid=1 prio=10 pkts=2 bytes=140
[FLOW] dpid=1 prio=10 pkts=2 bytes=140
[FLOW] dpid=1 prio=10 pkts=4354 bytes=284455
[FLOW] dpid=1 prio=50 pkts=5026 bytes=13695899
[FLOW] dpid=1 prio=10 pkts=11536 bytes=839383
[FLOW] dpid=1 prio=50 pkts=12276 bytes=32710263
[FLOW] dpid=1 prio=100 pkts=2 bytes=140
[FLOW] dpid=1 prio=100 pkts=2 bytes=140
[FLOW] dpid=1 prio=10 pkts=2 bytes=140
[FLOW] dpid=1 prio=10 pkts=2 bytes=140
[FLOW] dpid=1 prio=10 pkts=2 bytes=140
[FLOW] dpid=1 prio=10 pkts=2 bytes=140
[FLOW] dpid=1 prio=10 pkts=2 bytes=140
[FLOW] dpid=1 prio=10 pkts=2 bytes=140
[FLOW] dpid=1 prio=50 pkts=2 bytes=140
[FLOW] dpid=1 prio=10 pkts=2 bytes=140
[FLOW] dpid=1 prio=50 pkts=2 bytes=140
[FLOW] dpid=1 prio=10 pkts=969 bytes=62326
[FLOW] dpid=1 prio=100 pkts=987 bytes=2706071
[FLOW] dpid=1 prio=10 pkts=2 bytes=140
[FLOW] dpid=1 prio=100 pkts=2 bytes=140
[FLOW] dpid=1 prio=50 pkts=2 bytes=140
[FLOW] dpid=1 prio=10 pkts=2 bytes=140
[FLOW] dpid=1 prio=50 pkts=2 bytes=140
[FLOW] dpid=1 prio=10 pkts=2 bytes=140
[FLOW] dpid=1 prio=50 pkts=2 bytes=140
[FLOW] dpid=1 prio=10 pkts=2 bytes=140
[FLOW] dpid=1 prio=50 pkts=2 bytes=140
[FLOW] dpid=1 prio=10 pkts=2 bytes=140
[FLOW] dpid=1 prio=50 pkts=2 bytes=140
[FLOW] dpid=1 prio=10 pkts=2 bytes=140
[FLOW] dpid=1 prio=50 pkts=2 bytes=140
[FLOW] dpid=1 prio=10 pkts=2 bytes=140
[FLOW] dpid=1 prio=10 pkts=2 bytes=140
[FLOW] dpid=1 prio=100 pkts=2 bytes=140
[FLOW] dpid=1 prio=10 pkts=2 bytes=140
[FLOW] dpid=1 prio=100 pkts=2 bytes=140
[FLOW] dpid=1 prio=10 pkts=2 bytes=140
[FLOW] dpid=1 prio=100 pkts=2 bytes=140
[FLOW] dpid=1 prio=10 pkts=2 bytes=140
[FLOW] dpid=1 prio=10 pkts=2 bytes=140
[FLOW] dpid=1 prio=100 pkts=2 bytes=140
[FLOW] dpid=1 prio=10 pkts=2 bytes=140
[FLOW] dpid=1 prio=100 pkts=2 bytes=140
[FLOW] dpid=1 prio=10 pkts=2 bytes=140
[FLOW] dpid=1 prio=100 pkts=2 bytes=140
[FLOW] dpid=1 prio=10 pkts=2 bytes=140
[FLOW] dpid=1 prio=10 pkts=2 bytes=140
[FLOW] dpid=1 prio=1 pkts=72 bytes=3024
[FLOW] dpid=1 prio=0 pkts=213 bytes=22248
[PORT] dpid=1 port=1 rx=15965 tx=17532
[PORT] dpid=1 port=2 rx=1145 tx=1188
[PORT] dpid=1 port=4294967294 rx=150 tx=0
[PORT] dpid=1 port=3 rx=18410 tx=17104
[FLOW] dpid=5 prio=10 pkts=4354 bytes=284455
[FLOW] dpid=5 prio=50 pkts=5026 bytes=13695899
[FLOW] dpid=5 prio=10 pkts=11536 bytes=839383
[FLOW] dpid=5 prio=50 pkts=12998 bytes=34582397
[FLOW] dpid=5 prio=100 pkts=2 bytes=140
[FLOW] dpid=5 prio=100 pkts=2 bytes=140
[FLOW] dpid=5 prio=10 pkts=2 bytes=140
[FLOW] dpid=5 prio=50 pkts=2 bytes=140
[FLOW] dpid=5 prio=10 pkts=2 bytes=140
[FLOW] dpid=5 prio=50 pkts=2 bytes=140
[FLOW] dpid=5 prio=10 pkts=969 bytes=62326
[FLOW] dpid=5 prio=100 pkts=996 bytes=2706909
[FLOW] dpid=5 prio=10 pkts=2 bytes=140
[FLOW] dpid=5 prio=100 pkts=2 bytes=140
[FLOW] dpid=5 prio=50 pkts=2 bytes=140
[FLOW] dpid=5 prio=50 pkts=2 bytes=140
[FLOW] dpid=5 prio=50 pkts=2 bytes=140
[FLOW] dpid=5 prio=100 pkts=2 bytes=140
[FLOW] dpid=5 prio=50 pkts=2 bytes=140
[FLOW] dpid=5 prio=100 pkts=2 bytes=140
[FLOW] dpid=5 prio=50 pkts=2 bytes=140
[FLOW] dpid=5 prio=10 pkts=2 bytes=140
[FLOW] dpid=5 prio=10 pkts=2 bytes=140
[FLOW] dpid=5 prio=50 pkts=2 bytes=140
[FLOW] dpid=5 prio=10 pkts=2 bytes=140
[FLOW] dpid=5 prio=50 pkts=2 bytes=140
[FLOW] dpid=5 prio=100 pkts=2 bytes=140
[FLOW] dpid=5 prio=50 pkts=2 bytes=140
[FLOW] dpid=5 prio=100 pkts=2 bytes=140
[FLOW] dpid=5 prio=50 pkts=2 bytes=140
[FLOW] dpid=5 prio=10 pkts=2 bytes=140
[FLOW] dpid=5 prio=50 pkts=2 bytes=140
[FLOW] dpid=5 prio=10 pkts=2 bytes=140
[FLOW] dpid=5 prio=50 pkts=2 bytes=140
[FLOW] dpid=5 prio=10 pkts=2 bytes=140
[FLOW] dpid=5 prio=10 pkts=2 bytes=140
[FLOW] dpid=5 prio=100 pkts=2 bytes=140
[FLOW] dpid=5 prio=100 pkts=2 bytes=140
[FLOW] dpid=5 prio=100 pkts=2 bytes=140
[FLOW] dpid=5 prio=10 pkts=2 bytes=140
[FLOW] dpid=5 prio=100 pkts=2 bytes=140
[FLOW] dpid=5 prio=10 pkts=2 bytes=140
[FLOW] dpid=5 prio=100 pkts=2 bytes=140
[FLOW] dpid=5 prio=10 pkts=2 bytes=140
[FLOW] dpid=5 prio=10 pkts=2 bytes=140
[FLOW] dpid=5 prio=100 pkts=2 bytes=140
[FLOW] dpid=5 prio=10 pkts=2 bytes=140
[FLOW] dpid=5 prio=100 pkts=2 bytes=140
[FLOW] dpid=5 prio=10 pkts=2 bytes=140
[FLOW] dpid=5 prio=100 pkts=2 bytes=140
[FLOW] dpid=5 prio=10 pkts=2 bytes=140
[FLOW] dpid=5 prio=50 pkts=2 bytes=140
[FLOW] dpid=5 prio=1 pkts=72 bytes=3024
[FLOW] dpid=5 prio=0 pkts=236 bytes=20283
[PORT] dpid=5 port=2 rx=5067 tx=4607
[PORT] dpid=5 port=5 rx=43 tx=251
[PORT] dpid=5 port=4 rx=1037 tx=1221
[PORT] dpid=5 port=1 rx=17104 tx=18410
[PORT] dpid=5 port=4294967294 rx=202 tx=0
[PORT] dpid=5 port=3 rx=13040 tx=11785
[FLOW] dpid=4 prio=10 pkts=2 bytes=140
[FLOW] dpid=4 prio=10 pkts=2 bytes=140
[FLOW] dpid=4 prio=10 pkts=2 bytes=140
[FLOW] dpid=4 prio=10 pkts=2 bytes=140
[FLOW] dpid=4 prio=10 pkts=2 bytes=140
[FLOW] dpid=4 prio=10 pkts=2 bytes=140
[FLOW] dpid=4 prio=10 pkts=2 bytes=140
[FLOW] dpid=4 prio=10 pkts=2 bytes=140
[FLOW] dpid=4 prio=50 pkts=2 bytes=140
[FLOW] dpid=4 prio=10 pkts=2 bytes=140
[FLOW] dpid=4 prio=50 pkts=2 bytes=140
[FLOW] dpid=4 prio=100 pkts=987 bytes=2706071
[FLOW] dpid=4 prio=100 pkts=2 bytes=140
[FLOW] dpid=4 prio=10 pkts=2 bytes=140
[FLOW] dpid=4 prio=10 pkts=2 bytes=140
[FLOW] dpid=4 prio=10 pkts=2 bytes=140
[FLOW] dpid=4 prio=10 pkts=2 bytes=140
[FLOW] dpid=4 prio=10 pkts=16 bytes=1387
[FLOW] dpid=4 prio=10 pkts=881 bytes=1289040
[FLOW] dpid=4 prio=50 pkts=2 bytes=140
[FLOW] dpid=4 prio=10 pkts=2 bytes=140
[FLOW] dpid=4 prio=50 pkts=2 bytes=140
[FLOW] dpid=4 prio=10 pkts=2 bytes=140
[FLOW] dpid=4 prio=50 pkts=2 bytes=140
[FLOW] dpid=4 prio=10 pkts=2 bytes=140
[FLOW] dpid=4 prio=50 pkts=2 bytes=140
[FLOW] dpid=4 prio=10 pkts=2 bytes=140
[FLOW] dpid=4 prio=50 pkts=2 bytes=140
[FLOW] dpid=4 prio=10 pkts=2 bytes=140
[FLOW] dpid=4 prio=50 pkts=2 bytes=140
[FLOW] dpid=4 prio=10 pkts=2 bytes=140
[FLOW] dpid=4 prio=10 pkts=969 bytes=62326
[FLOW] dpid=4 prio=100 pkts=2 bytes=140
[FLOW] dpid=4 prio=10 pkts=2 bytes=140
[FLOW] dpid=4 prio=100 pkts=2 bytes=140
[FLOW] dpid=4 prio=10 pkts=2 bytes=140
[FLOW] dpid=4 prio=100 pkts=2 bytes=140
[FLOW] dpid=4 prio=10 pkts=2 bytes=140
[FLOW] dpid=4 prio=10 pkts=2 bytes=140
[FLOW] dpid=4 prio=100 pkts=2 bytes=140
[FLOW] dpid=4 prio=10 pkts=2 bytes=140
[FLOW] dpid=4 prio=100 pkts=2 bytes=140
[FLOW] dpid=4 prio=10 pkts=2 bytes=140
[FLOW] dpid=4 prio=100 pkts=2 bytes=140
[FLOW] dpid=4 prio=10 pkts=2 bytes=140
[FLOW] dpid=4 prio=10 pkts=2 bytes=140
[FLOW] dpid=4 prio=1 pkts=72 bytes=3024
[FLOW] dpid=4 prio=0 pkts=240 bytes=21960
[PORT] dpid=4 port=1 rx=1042 tx=227
[PORT] dpid=4 port=2 rx=1188 tx=1145
[PORT] dpid=4 port=4294967294 rx=102 tx=0
[PORT] dpid=4 port=3 rx=1024 tx=2120
[FLOW] dpid=6 prio=10 pkts=2 bytes=140
[FLOW] dpid=6 prio=10 pkts=2 bytes=140
[FLOW] dpid=6 prio=10 pkts=2 bytes=140
[FLOW] dpid=6 prio=10 pkts=2 bytes=140
[FLOW] dpid=6 prio=10 pkts=2 bytes=140
[FLOW] dpid=6 prio=10 pkts=2 bytes=140
[FLOW] dpid=6 prio=10 pkts=2 bytes=140
[FLOW] dpid=6 prio=10 pkts=2 bytes=140
[FLOW] dpid=6 prio=10 pkts=2 bytes=140
[FLOW] dpid=6 prio=10 pkts=16 bytes=1387
[FLOW] dpid=6 prio=10 pkts=881 bytes=1289040
[FLOW] dpid=6 prio=50 pkts=2 bytes=140
[FLOW] dpid=6 prio=10 pkts=2 bytes=140
[FLOW] dpid=6 prio=50 pkts=2 bytes=140
[FLOW] dpid=6 prio=10 pkts=2 bytes=140
[FLOW] dpid=6 prio=50 pkts=2 bytes=140
[FLOW] dpid=6 prio=10 pkts=2 bytes=140
[FLOW] dpid=6 prio=50 pkts=2 bytes=140
[FLOW] dpid=6 prio=10 pkts=2 bytes=140
[FLOW] dpid=6 prio=50 pkts=2 bytes=140
[FLOW] dpid=6 prio=10 pkts=2 bytes=140
[FLOW] dpid=6 prio=50 pkts=2 bytes=140
[FLOW] dpid=6 prio=10 pkts=2 bytes=140
[FLOW] dpid=6 prio=100 pkts=2 bytes=140
[FLOW] dpid=6 prio=10 pkts=2 bytes=140
[FLOW] dpid=6 prio=100 pkts=2 bytes=140
[FLOW] dpid=6 prio=10 pkts=2 bytes=140
[FLOW] dpid=6 prio=100 pkts=2 bytes=140
[FLOW] dpid=6 prio=10 pkts=2 bytes=140
[FLOW] dpid=6 prio=100 pkts=2 bytes=140
[FLOW] dpid=6 prio=10 pkts=2 bytes=140
[FLOW] dpid=6 prio=100 pkts=2 bytes=140
[FLOW] dpid=6 prio=10 pkts=2 bytes=140
[FLOW] dpid=6 prio=100 pkts=2 bytes=140
[FLOW] dpid=6 prio=10 pkts=2 bytes=140
[FLOW] dpid=6 prio=10 pkts=2 bytes=140
[FLOW] dpid=6 prio=10 pkts=2 bytes=140
[FLOW] dpid=6 prio=10 pkts=2 bytes=140
[FLOW] dpid=6 prio=10 pkts=2 bytes=140
[FLOW] dpid=6 prio=10 pkts=2 bytes=140
[FLOW] dpid=6 prio=10 pkts=2 bytes=140
[FLOW] dpid=6 prio=10 pkts=2 bytes=140
[FLOW] dpid=6 prio=1 pkts=72 bytes=3024
[FLOW] dpid=6 prio=0 pkts=226 bytes=19116
[PORT] dpid=6 port=1 rx=276 tx=992
[PORT] dpid=6 port=2 rx=43 tx=259
[PORT] dpid=6 port=4 rx=923 tx=273
[PORT] dpid=6 port=4294967294 rx=158 tx=0
[PORT] dpid=6 port=3 rx=43 tx=258
[FLOW] dpid=2 prio=10 pkts=2 bytes=140
[FLOW] dpid=2 prio=10 pkts=2 bytes=140
[FLOW] dpid=2 prio=10 pkts=4354 bytes=284455
[FLOW] dpid=2 prio=50 pkts=5026 bytes=13695899
[FLOW] dpid=2 prio=10 pkts=14716 bytes=1049283
[FLOW] dpid=2 prio=50 pkts=15901 bytes=42721992
[FLOW] dpid=2 prio=100 pkts=2 bytes=140
[FLOW] dpid=2 prio=100 pkts=2 bytes=140
[FLOW] dpid=2 prio=10 pkts=2 bytes=140
[FLOW] dpid=2 prio=10 pkts=2 bytes=140
[FLOW] dpid=2 prio=10 pkts=2 bytes=140
[FLOW] dpid=2 prio=10 pkts=2 bytes=140
[FLOW] dpid=2 prio=10 pkts=2 bytes=140
[FLOW] dpid=2 prio=10 pkts=2 bytes=140
[FLOW] dpid=2 prio=10 pkts=2 bytes=140
[FLOW] dpid=2 prio=10 pkts=2 bytes=140
[FLOW] dpid=2 prio=1 pkts=72 bytes=3024
[FLOW] dpid=2 prio=0 pkts=213 bytes=19551
[PORT] dpid=2 port=2 rx=41 tx=225
[PORT] dpid=2 port=1 rx=21252 tx=19215
[PORT] dpid=2 port=4294967294 rx=114 tx=0
[PORT] dpid=2 port=3 rx=19181 tx=21266
[FLOW] dpid=4 prio=10 pkts=2 bytes=140
[FLOW] dpid=4 prio=10 pkts=2 bytes=140
[FLOW] dpid=4 prio=10 pkts=2 bytes=140
[FLOW] dpid=4 prio=10 pkts=2 bytes=140
[FLOW] dpid=4 prio=10 pkts=2 bytes=140
[FLOW] dpid=4 prio=10 pkts=2 bytes=140
[FLOW] dpid=4 prio=10 pkts=2 bytes=140
[FLOW] dpid=4 prio=10 pkts=2 bytes=140
[FLOW] dpid=4 prio=50 pkts=2 bytes=140
[FLOW] dpid=4 prio=10 pkts=2 bytes=140
[FLOW] dpid=4 prio=50 pkts=2 bytes=140
[FLOW] dpid=4 prio=100 pkts=1194 bytes=3257180
[FLOW] dpid=4 prio=100 pkts=2 bytes=140
[FLOW] dpid=4 prio=10 pkts=2 bytes=140
[FLOW] dpid=4 prio=10 pkts=2 bytes=140
[FLOW] dpid=4 prio=10 pkts=2 bytes=140
[FLOW] dpid=4 prio=10 pkts=2 bytes=140
[FLOW] dpid=4 prio=10 pkts=26 bytes=1991
[FLOW] dpid=4 prio=10 pkts=1377 bytes=2014035
[FLOW] dpid=4 prio=50 pkts=2 bytes=140
[FLOW] dpid=4 prio=10 pkts=2 bytes=140
[FLOW] dpid=4 prio=50 pkts=2 bytes=140
[FLOW] dpid=4 prio=10 pkts=2 bytes=140
[FLOW] dpid=4 prio=50 pkts=2 bytes=140
[FLOW] dpid=4 prio=10 pkts=2 bytes=140
[FLOW] dpid=4 prio=50 pkts=2 bytes=140
[FLOW] dpid=4 prio=10 pkts=2 bytes=140
[FLOW] dpid=4 prio=50 pkts=2 bytes=140
[FLOW] dpid=4 prio=10 pkts=2 bytes=140
[FLOW] dpid=4 prio=50 pkts=2 bytes=140
[FLOW] dpid=4 prio=10 pkts=2 bytes=140
[FLOW] dpid=4 prio=10 pkts=1164 bytes=75216
[FLOW] dpid=4 prio=100 pkts=2 bytes=140
[FLOW] dpid=4 prio=10 pkts=2 bytes=140
[FLOW] dpid=4 prio=100 pkts=2 bytes=140
[FLOW] dpid=4 prio=10 pkts=2 bytes=140
[FLOW] dpid=4 prio=100 pkts=2 bytes=140
[FLOW] dpid=4 prio=10 pkts=2 bytes=140
[FLOW] dpid=4 prio=10 pkts=2 bytes=140
[FLOW] dpid=4 prio=100 pkts=2 bytes=140
[FLOW] dpid=4 prio=10 pkts=2 bytes=140
[FLOW] dpid=4 prio=100 pkts=2 bytes=140
[FLOW] dpid=4 prio=10 pkts=2 bytes=140
[FLOW] dpid=4 prio=100 pkts=2 bytes=140
[FLOW] dpid=4 prio=10 pkts=2 bytes=140
[FLOW] dpid=4 prio=10 pkts=2 bytes=140
[FLOW] dpid=4 prio=1 pkts=72 bytes=3024
[FLOW] dpid=4 prio=0 pkts=245 bytes=22220
[PORT] dpid=4 port=1 rx=1560 tx=242
[PORT] dpid=4 port=2 rx=1427 tx=1367
[PORT] dpid=4 port=4294967294 rx=112 tx=0
[PORT] dpid=4 port=3 rx=1256 tx=2877
[FLOW] dpid=5 prio=10 pkts=4354 bytes=284455
[FLOW] dpid=5 prio=50 pkts=5026 bytes=13695899
[FLOW] dpid=5 prio=10 pkts=14714 bytes=1049151
[FLOW] dpid=5 prio=50 pkts=16841 bytes=45177578
[FLOW] dpid=5 prio=100 pkts=2 bytes=140
[FLOW] dpid=5 prio=100 pkts=2 bytes=140
[FLOW] dpid=5 prio=10 pkts=2 bytes=140
[FLOW] dpid=5 prio=50 pkts=2 bytes=140
[FLOW] dpid=5 prio=10 pkts=2 bytes=140
[FLOW] dpid=5 prio=50 pkts=2 bytes=140
[FLOW] dpid=5 prio=10 pkts=1164 bytes=75216
[FLOW] dpid=5 prio=100 pkts=1230 bytes=3336544
[FLOW] dpid=5 prio=10 pkts=2 bytes=140
[FLOW] dpid=5 prio=100 pkts=2 bytes=140
[FLOW] dpid=5 prio=50 pkts=2 bytes=140
[FLOW] dpid=5 prio=50 pkts=2 bytes=140
[FLOW] dpid=5 prio=50 pkts=2 bytes=140
[FLOW] dpid=5 prio=100 pkts=2 bytes=140
[FLOW] dpid=5 prio=50 pkts=2 bytes=140
[FLOW] dpid=5 prio=100 pkts=2 bytes=140
[FLOW] dpid=5 prio=50 pkts=2 bytes=140
[FLOW] dpid=5 prio=10 pkts=2 bytes=140
[FLOW] dpid=5 prio=10 pkts=2 bytes=140
[FLOW] dpid=5 prio=50 pkts=2 bytes=140
[FLOW] dpid=5 prio=10 pkts=2 bytes=140
[FLOW] dpid=5 prio=50 pkts=2 bytes=140
[FLOW] dpid=5 prio=100 pkts=2 bytes=140
[FLOW] dpid=5 prio=50 pkts=2 bytes=140
[FLOW] dpid=5 prio=100 pkts=2 bytes=140
[FLOW] dpid=5 prio=50 pkts=2 bytes=140
[FLOW] dpid=5 prio=10 pkts=2 bytes=140
[FLOW] dpid=5 prio=50 pkts=2 bytes=140
[FLOW] dpid=5 prio=10 pkts=2 bytes=140
[FLOW] dpid=5 prio=50 pkts=2 bytes=140
[FLOW] dpid=5 prio=10 pkts=2 bytes=140
[FLOW] dpid=5 prio=10 pkts=2 bytes=140
[FLOW] dpid=5 prio=100 pkts=2 bytes=140
[FLOW] dpid=5 prio=100 pkts=2 bytes=140
[FLOW] dpid=5 prio=100 pkts=2 bytes=140
[FLOW] dpid=5 prio=10 pkts=2 bytes=140
[FLOW] dpid=5 prio=100 pkts=2 bytes=140
[FLOW] dpid=5 prio=10 pkts=2 bytes=140
[FLOW] dpid=5 prio=100 pkts=2 bytes=140
[FLOW] dpid=5 prio=10 pkts=2 bytes=140
[FLOW] dpid=5 prio=10 pkts=2 bytes=140
[FLOW] dpid=5 prio=100 pkts=2 bytes=140
[FLOW] dpid=5 prio=10 pkts=2 bytes=140
[FLOW] dpid=5 prio=100 pkts=2 bytes=140
[FLOW] dpid=5 prio=10 pkts=2 bytes=140
[FLOW] dpid=5 prio=100 pkts=2 bytes=140
[FLOW] dpid=5 prio=10 pkts=2 bytes=140
[FLOW] dpid=5 prio=50 pkts=2 bytes=140
[FLOW] dpid=5 prio=1 pkts=72 bytes=3024
[FLOW] dpid=5 prio=0 pkts=241 bytes=20543
[PORT] dpid=5 port=2 rx=5067 tx=4612
[PORT] dpid=5 port=5 rx=43 tx=256
[PORT] dpid=5 port=4 rx=1303 tx=1448
[PORT] dpid=5 port=1 rx=20581 tx=22360
[PORT] dpid=5 port=4294967294 rx=222 tx=0
[PORT] dpid=5 port=3 rx=16976 tx=15040
[FLOW] dpid=3 prio=10 pkts=2 bytes=140
[FLOW] dpid=3 prio=10 pkts=2 bytes=140
[FLOW] dpid=3 prio=10 pkts=2 bytes=140
[FLOW] dpid=3 prio=10 pkts=2 bytes=140
[FLOW] dpid=3 prio=10 pkts=2 bytes=140
[FLOW] dpid=3 prio=10 pkts=2 bytes=140
[FLOW] dpid=3 prio=10 pkts=2 bytes=140
[FLOW] dpid=3 prio=10 pkts=2 bytes=140
[FLOW] dpid=3 prio=10 pkts=2 bytes=140
[FLOW] dpid=3 prio=10 pkts=26 bytes=1991
[FLOW] dpid=3 prio=10 pkts=1377 bytes=2014035
[FLOW] dpid=3 prio=50 pkts=2 bytes=140
[FLOW] dpid=3 prio=10 pkts=2 bytes=140
[FLOW] dpid=3 prio=50 pkts=2 bytes=140
[FLOW] dpid=3 prio=10 pkts=2 bytes=140
[FLOW] dpid=3 prio=50 pkts=2 bytes=140
[FLOW] dpid=3 prio=10 pkts=2 bytes=140
[FLOW] dpid=3 prio=50 pkts=2 bytes=140
[FLOW] dpid=3 prio=10 pkts=2 bytes=140
[FLOW] dpid=3 prio=50 pkts=2 bytes=140
[FLOW] dpid=3 prio=10 pkts=2 bytes=140
[FLOW] dpid=3 prio=50 pkts=2 bytes=140
[FLOW] dpid=3 prio=10 pkts=2 bytes=140
[FLOW] dpid=3 prio=100 pkts=2 bytes=140
[FLOW] dpid=3 prio=10 pkts=2 bytes=140
[FLOW] dpid=3 prio=100 pkts=2 bytes=140
[FLOW] dpid=3 prio=10 pkts=2 bytes=140
[FLOW] dpid=3 prio=100 pkts=2 bytes=140
[FLOW] dpid=3 prio=10 pkts=2 bytes=140
[FLOW] dpid=3 prio=100 pkts=2 bytes=140
[FLOW] dpid=3 prio=10 pkts=2 bytes=140
[FLOW] dpid=3 prio=100 pkts=2 bytes=140
[FLOW] dpid=3 prio=10 pkts=2 bytes=140
[FLOW] dpid=3 prio=100 pkts=2 bytes=140
[FLOW] dpid=3 prio=10 pkts=2 bytes=140
[FLOW] dpid=3 prio=10 pkts=2 bytes=140
[FLOW] dpid=3 prio=1 pkts=144 bytes=6048
[FLOW] dpid=3 prio=0 pkts=334 bytes=29197
[PORT] dpid=3 port=1 rx=225 tx=41
[PORT] dpid=3 port=2 rx=242 tx=1560
[PORT] dpid=3 port=4294967294 rx=61 tx=0
[PORT] dpid=3 port=3 rx=1511 tx=291
[FLOW] dpid=6 prio=10 pkts=2 bytes=140
[FLOW] dpid=6 prio=10 pkts=2 bytes=140
[FLOW] dpid=6 prio=10 pkts=2 bytes=140
[FLOW] dpid=6 prio=10 pkts=2 bytes=140
[FLOW] dpid=6 prio=10 pkts=2 bytes=140
[FLOW] dpid=6 prio=10 pkts=2 bytes=140
[FLOW] dpid=6 prio=10 pkts=2 bytes=140
[FLOW] dpid=6 prio=10 pkts=2 bytes=140
[FLOW] dpid=6 prio=10 pkts=2 bytes=140
[FLOW] dpid=6 prio=10 pkts=26 bytes=1991
[FLOW] dpid=6 prio=10 pkts=1377 bytes=2014035
[FLOW] dpid=6 prio=50 pkts=2 bytes=140
[FLOW] dpid=6 prio=10 pkts=2 bytes=140
[FLOW] dpid=6 prio=50 pkts=2 bytes=140
[FLOW] dpid=6 prio=10 pkts=2 bytes=140
[FLOW] dpid=6 prio=50 pkts=2 bytes=140
[FLOW] dpid=6 prio=10 pkts=2 bytes=140
[FLOW] dpid=6 prio=50 pkts=2 bytes=140
[FLOW] dpid=6 prio=10 pkts=2 bytes=140
[FLOW] dpid=6 prio=50 pkts=2 bytes=140
[FLOW] dpid=6 prio=10 pkts=2 bytes=140
[FLOW] dpid=6 prio=50 pkts=2 bytes=140
[FLOW] dpid=6 prio=10 pkts=2 bytes=140
[FLOW] dpid=6 prio=100 pkts=2 bytes=140
[FLOW] dpid=6 prio=10 pkts=2 bytes=140
[FLOW] dpid=6 prio=100 pkts=2 bytes=140
[FLOW] dpid=6 prio=10 pkts=2 bytes=140
[FLOW] dpid=6 prio=100 pkts=2 bytes=140
[FLOW] dpid=6 prio=10 pkts=2 bytes=140
[FLOW] dpid=6 prio=100 pkts=2 bytes=140
[FLOW] dpid=6 prio=10 pkts=2 bytes=140
[FLOW] dpid=6 prio=100 pkts=2 bytes=140
[FLOW] dpid=6 prio=10 pkts=2 bytes=140
[FLOW] dpid=6 prio=100 pkts=2 bytes=140
[FLOW] dpid=6 prio=10 pkts=2 bytes=140
[FLOW] dpid=6 prio=10 pkts=2 bytes=140
[FLOW] dpid=6 prio=10 pkts=2 bytes=140
[FLOW] dpid=6 prio=10 pkts=2 bytes=140
[FLOW] dpid=6 prio=10 pkts=2 bytes=140
[FLOW] dpid=6 prio=10 pkts=2 bytes=140
[FLOW] dpid=6 prio=10 pkts=2 bytes=140
[FLOW] dpid=6 prio=10 pkts=2 bytes=140
[FLOW] dpid=6 prio=1 pkts=72 bytes=3024
[FLOW] dpid=6 prio=0 pkts=231 bytes=19376
[PORT] dpid=6 port=1 rx=291 tx=1511
[PORT] dpid=6 port=2 rx=43 tx=264
[PORT] dpid=6 port=4 rx=1442 tx=288
[PORT] dpid=6 port=4294967294 rx=173 tx=0
[PORT] dpid=6 port=3 rx=43 tx=263
[FLOW] dpid=1 prio=10 pkts=2 bytes=140
[FLOW] dpid=1 prio=10 pkts=2 bytes=140
[FLOW] dpid=1 prio=10 pkts=4354 bytes=284455
[FLOW] dpid=1 prio=50 pkts=5026 bytes=13695899
[FLOW] dpid=1 prio=10 pkts=14715 bytes=1049217
[FLOW] dpid=1 prio=50 pkts=15903 bytes=42726468
[FLOW] dpid=1 prio=100 pkts=2 bytes=140
[FLOW] dpid=1 prio=100 pkts=2 bytes=140
[FLOW] dpid=1 prio=10 pkts=2 bytes=140
[FLOW] dpid=1 prio=10 pkts=2 bytes=140
[FLOW] dpid=1 prio=10 pkts=2 bytes=140
[FLOW] dpid=1 prio=10 pkts=2 bytes=140
[FLOW] dpid=1 prio=10 pkts=2 bytes=140
[FLOW] dpid=1 prio=10 pkts=2 bytes=140
[FLOW] dpid=1 prio=50 pkts=2 bytes=140
[FLOW] dpid=1 prio=10 pkts=2 bytes=140
[FLOW] dpid=1 prio=50 pkts=2 bytes=140
[FLOW] dpid=1 prio=10 pkts=1164 bytes=75216
[FLOW] dpid=1 prio=100 pkts=1194 bytes=3257180
[FLOW] dpid=1 prio=10 pkts=2 bytes=140
[FLOW] dpid=1 prio=100 pkts=2 bytes=140
[FLOW] dpid=1 prio=50 pkts=2 bytes=140
[FLOW] dpid=1 prio=10 pkts=2 bytes=140
[FLOW] dpid=1 prio=50 pkts=2 bytes=140
[FLOW] dpid=1 prio=10 pkts=2 bytes=140
[FLOW] dpid=1 prio=50 pkts=2 bytes=140
[FLOW] dpid=1 prio=10 pkts=2 bytes=140
[FLOW] dpid=1 prio=50 pkts=2 bytes=140
[FLOW] dpid=1 prio=10 pkts=2 bytes=140
[FLOW] dpid=1 prio=50 pkts=2 bytes=140
[FLOW] dpid=1 prio=10 pkts=2 bytes=140
[FLOW] dpid=1 prio=50 pkts=2 bytes=140
[FLOW] dpid=1 prio=10 pkts=2 bytes=140
[FLOW] dpid=1 prio=10 pkts=2 bytes=140
[FLOW] dpid=1 prio=100 pkts=2 bytes=140
[FLOW] dpid=1 prio=10 pkts=2 bytes=140
[FLOW] dpid=1 prio=100 pkts=2 bytes=140
[FLOW] dpid=1 prio=10 pkts=2 bytes=140
[FLOW] dpid=1 prio=100 pkts=2 bytes=140
[FLOW] dpid=1 prio=10 pkts=2 bytes=140
[FLOW] dpid=1 prio=10 pkts=2 bytes=140
[FLOW] dpid=1 prio=100 pkts=2 bytes=140
[FLOW] dpid=1 prio=10 pkts=2 bytes=140
[FLOW] dpid=1 prio=100 pkts=2 bytes=140
[FLOW] dpid=1 prio=10 pkts=2 bytes=140
[FLOW] dpid=1 prio=100 pkts=2 bytes=140
[FLOW] dpid=1 prio=10 pkts=2 bytes=140
[FLOW] dpid=1 prio=10 pkts=2 bytes=140
[FLOW] dpid=1 prio=1 pkts=72 bytes=3024
[FLOW] dpid=1 prio=0 pkts=213 bytes=22248
[PORT] dpid=1 port=1 rx=19215 tx=21252
[PORT] dpid=1 port=2 rx=1367 tx=1427
[PORT] dpid=1 port=4294967294 rx=165 tx=0
[PORT] dpid=1 port=3 rx=22360 tx=20581
[FLOW] dpid=2 prio=10 pkts=4354 bytes=284455
[FLOW] dpid=2 prio=50 pkts=5026 bytes=13695899
[FLOW] dpid=2 prio=10 pkts=17999 bytes=1265961
[FLOW] dpid=2 prio=50 pkts=19399 bytes=52651564
[FLOW] dpid=2 prio=1 pkts=72 bytes=3024
[FLOW] dpid=2 prio=0 pkts=218 bytes=19811
[PORT] dpid=2 port=2 rx=41 tx=230
[PORT] dpid=2 port=1 rx=24756 tx=22519
[PORT] dpid=2 port=4294967294 rx=124 tx=0
[PORT] dpid=2 port=3 rx=22484 tx=24770
[FLOW] dpid=6 prio=10 pkts=32 bytes=2717
[FLOW] dpid=6 prio=10 pkts=1762 bytes=2578028
[FLOW] dpid=6 prio=1 pkts=72 bytes=3024
[FLOW] dpid=6 prio=0 pkts=237 bytes=19706
[PORT] dpid=6 port=1 rx=303 tx=1873
[PORT] dpid=6 port=2 rx=43 tx=270
[PORT] dpid=6 port=4 rx=1804 tx=300
[PORT] dpid=6 port=4294967294 rx=188 tx=0
[PORT] dpid=6 port=3 rx=43 tx=269
[FLOW] dpid=4 prio=100 pkts=2013 bytes=5618535
[FLOW] dpid=4 prio=10 pkts=32 bytes=2717
[FLOW] dpid=4 prio=10 pkts=1762 bytes=2578028
[FLOW] dpid=4 prio=10 pkts=1979 bytes=126680
[FLOW] dpid=4 prio=1 pkts=72 bytes=3024
[FLOW] dpid=4 prio=0 pkts=251 bytes=22550
[PORT] dpid=4 port=1 rx=1923 tx=254
[PORT] dpid=4 port=2 rx=2225 tx=2157
[PORT] dpid=4 port=4294967294 rx=122 tx=0
[PORT] dpid=4 port=3 rx=2052 tx=4038
[FLOW] dpid=3 prio=10 pkts=32 bytes=2717
[FLOW] dpid=3 prio=10 pkts=1762 bytes=2578028
[FLOW] dpid=3 prio=1 pkts=144 bytes=6048
[FLOW] dpid=3 prio=0 pkts=345 bytes=29787
[PORT] dpid=3 port=1 rx=230 tx=41
[PORT] dpid=3 port=2 rx=254 tx=1923
[PORT] dpid=3 port=4294967294 rx=66 tx=0
[PORT] dpid=3 port=3 rx=1873 tx=303
[FLOW] dpid=5 prio=10 pkts=4354 bytes=284455
[FLOW] dpid=5 prio=50 pkts=5026 bytes=13695899
[FLOW] dpid=5 prio=10 pkts=17998 bytes=1265895
[FLOW] dpid=5 prio=50 pkts=21133 bytes=57451738
[FLOW] dpid=5 prio=10 pkts=1979 bytes=126680
[FLOW] dpid=5 prio=100 pkts=2032 bytes=5620174
[FLOW] dpid=5 prio=1 pkts=72 bytes=3024
[FLOW] dpid=5 prio=0 pkts=247 bytes=20873
[PORT] dpid=5 port=2 rx=5067 tx=4618
[PORT] dpid=5 port=5 rx=43 tx=262
[PORT] dpid=5 port=4 rx=2075 tx=2244
[PORT] dpid=5 port=1 rx=24680 tx=26651
[PORT] dpid=5 port=4294967294 rx=242 tx=0
[PORT] dpid=5 port=3 rx=21300 tx=18349
[FLOW] dpid=1 prio=10 pkts=4354 bytes=284455
[FLOW] dpid=1 prio=50 pkts=5026 bytes=13695899
[FLOW] dpid=1 prio=10 pkts=17998 bytes=1265895
[FLOW] dpid=1 prio=50 pkts=19399 bytes=52651564
[FLOW] dpid=1 prio=10 pkts=1979 bytes=126680
[FLOW] dpid=1 prio=100 pkts=2013 bytes=5618535
[FLOW] dpid=1 prio=1 pkts=72 bytes=3024
[FLOW] dpid=1 prio=0 pkts=214 bytes=22318
[PORT] dpid=1 port=1 rx=22519 tx=24756
[PORT] dpid=1 port=2 rx=2157 tx=2225
[PORT] dpid=1 port=4294967294 rx=180 tx=0
[PORT] dpid=1 port=3 rx=26651 tx=24680
[FLOW] dpid=2 prio=10 pkts=4355 bytes=284529
[FLOW] dpid=2 prio=50 pkts=5027 bytes=13695973
[FLOW] dpid=2 prio=10 pkts=22874 bytes=1667935
[FLOW] dpid=2 prio=50 pkts=24314 bytes=64930646
[FLOW] dpid=2 prio=1 pkts=72 bytes=3024
[FLOW] dpid=2 prio=0 pkts=227 bytes=20351
[PORT] dpid=2 port=2 rx=41 tx=239
[PORT] dpid=2 port=1 rx=29745 tx=27462
[PORT] dpid=2 port=4294967294 rx=134 tx=0
[PORT] dpid=2 port=3 rx=27428 tx=29759
[FLOW] dpid=1 prio=10 pkts=4355 bytes=284529
[FLOW] dpid=1 prio=50 pkts=5027 bytes=13695973
[FLOW] dpid=1 prio=10 pkts=22872 bytes=1667827
[FLOW] dpid=1 prio=50 pkts=24316 bytes=64933674
[FLOW] dpid=1 prio=10 pkts=1998 bytes=128308
[FLOW] dpid=1 prio=100 pkts=2035 bytes=5620316
[FLOW] dpid=1 prio=1 pkts=72 bytes=3024
[FLOW] dpid=1 prio=0 pkts=217 bytes=22528
[PORT] dpid=1 port=1 rx=27462 tx=29745
[PORT] dpid=1 port=2 rx=2175 tx=2254
[PORT] dpid=1 port=4294967294 rx=195 tx=0
[PORT] dpid=1 port=3 rx=31655 tx=29647
[FLOW] dpid=6 prio=10 pkts=32 bytes=2717
[FLOW] dpid=6 prio=10 pkts=1762 bytes=2578028
[FLOW] dpid=6 prio=1 pkts=72 bytes=3024
[FLOW] dpid=6 prio=0 pkts=244 bytes=20106
[PORT] dpid=6 port=1 rx=310 tx=1873
[PORT] dpid=6 port=2 rx=43 tx=278
[PORT] dpid=6 port=4 rx=1804 tx=307
[PORT] dpid=6 port=4294967294 rx=203 tx=0
[PORT] dpid=6 port=3 rx=43 tx=276
[FLOW] dpid=5 prio=10 pkts=4355 bytes=284529
[FLOW] dpid=5 prio=50 pkts=5030 bytes=13696216
[FLOW] dpid=5 prio=10 pkts=22872 bytes=1667827
[FLOW] dpid=5 prio=50 pkts=25953 bytes=69004157
[FLOW] dpid=5 prio=10 pkts=1998 bytes=128308
[FLOW] dpid=5 prio=100 pkts=2055 bytes=5622156
[FLOW] dpid=5 prio=1 pkts=72 bytes=3024
[FLOW] dpid=5 prio=0 pkts=257 bytes=21483
[PORT] dpid=5 port=2 rx=5071 tx=4629
[PORT] dpid=5 port=5 rx=44 tx=271
[PORT] dpid=5 port=4 rx=2097 tx=2271
[PORT] dpid=5 port=1 rx=29647 tx=31655
[PORT] dpid=5 port=4294967294 rx=262 tx=0
[PORT] dpid=5 port=3 rx=26000 tx=23300
[FLOW] dpid=4 prio=100 pkts=2035 bytes=5620316
[FLOW] dpid=4 prio=10 pkts=32 bytes=2717
[FLOW] dpid=4 prio=10 pkts=1762 bytes=2578028
[FLOW] dpid=4 prio=10 pkts=1998 bytes=128308
[FLOW] dpid=4 prio=1 pkts=72 bytes=3024
[FLOW] dpid=4 prio=0 pkts=259 bytes=23020
[PORT] dpid=4 port=1 rx=1924 tx=261
[PORT] dpid=4 port=2 rx=2254 tx=2175
[PORT] dpid=4 port=4294967294 rx=132 tx=0
[PORT] dpid=4 port=3 rx=2069 tx=4068
[FLOW] dpid=3 prio=10 pkts=32 bytes=2717
[FLOW] dpid=3 prio=10 pkts=1762 bytes=2578028
[FLOW] dpid=3 prio=1 pkts=144 bytes=6048
[FLOW] dpid=3 prio=0 pkts=361 bytes=30727
[PORT] dpid=3 port=1 rx=239 tx=41
[PORT] dpid=3 port=2 rx=261 tx=1924
[PORT] dpid=3 port=4294967294 rx=71 tx=0
[PORT] dpid=3 port=3 rx=1873 tx=310
[FLOW] dpid=2 prio=10 pkts=8113 bytes=532577
[FLOW] dpid=2 prio=50 pkts=9398 bytes=25620826
[FLOW] dpid=2 prio=10 pkts=23053 bytes=1678042
[FLOW] dpid=2 prio=50 pkts=24497 bytes=65228691
[FLOW] dpid=2 prio=1 pkts=72 bytes=3024
[FLOW] dpid=2 prio=0 pkts=238 bytes=21031
[PORT] dpid=2 port=2 rx=41 tx=251
[PORT] dpid=2 port=1 rx=34248 tx=31317
[PORT] dpid=2 port=4294967294 rx=144 tx=0
[PORT] dpid=2 port=3 rx=31282 tx=34263
[FLOW] dpid=4 prio=100 pkts=2035 bytes=5620316
[FLOW] dpid=4 prio=10 pkts=32 bytes=2717
[FLOW] dpid=4 prio=10 pkts=1762 bytes=2578028
[FLOW] dpid=4 prio=10 pkts=1998 bytes=128308
[FLOW] dpid=4 prio=1 pkts=72 bytes=3024
[FLOW] dpid=4 prio=0 pkts=269 bytes=23630
[PORT] dpid=4 port=1 rx=1926 tx=269
[PORT] dpid=4 port=2 rx=2261 tx=2179
[PORT] dpid=4 port=4294967294 rx=142 tx=0
[PORT] dpid=4 port=3 rx=2070 tx=4078
[FLOW] dpid=5 prio=10 pkts=8112 bytes=532511
[FLOW] dpid=5 prio=50 pkts=9652 bytes=26302222
[FLOW] dpid=5 prio=10 pkts=23053 bytes=1678042
[FLOW] dpid=5 prio=50 pkts=25959 bytes=69004554
[FLOW] dpid=5 prio=10 pkts=1998 bytes=128308
[FLOW] dpid=5 prio=100 pkts=2055 bytes=5622156
[FLOW] dpid=5 prio=1 pkts=72 bytes=3024
[FLOW] dpid=5 prio=0 pkts=267 bytes=22093
[PORT] dpid=5 port=2 rx=9794 tx=8471
[PORT] dpid=5 port=5 rx=44 tx=281
[PORT] dpid=5 port=4 rx=2097 tx=2281
[PORT] dpid=5 port=1 rx=33511 tx=36149
[PORT] dpid=5 port=4294967294 rx=282 tx=0
[PORT] dpid=5 port=3 rx=26001 tx=23334
[FLOW] dpid=1 prio=10 pkts=8113 bytes=532577
[FLOW] dpid=1 prio=50 pkts=9399 bytes=25623788
[FLOW] dpid=1 prio=10 pkts=23053 bytes=1678042
[FLOW] dpid=1 prio=50 pkts=24497 bytes=65228691
[FLOW] dpid=1 prio=10 pkts=1998 bytes=128308
[FLOW] dpid=1 prio=100 pkts=2035 bytes=5620316
[FLOW] dpid=1 prio=1 pkts=72 bytes=3024
[FLOW] dpid=1 prio=0 pkts=223 bytes=22948
[PORT] dpid=1 port=1 rx=31317 tx=34248
[PORT] dpid=1 port=2 rx=2179 tx=2261
[PORT] dpid=1 port=4294967294 rx=210 tx=0
[PORT] dpid=1 port=3 rx=36149 tx=33511
[FLOW] dpid=3 prio=10 pkts=32 bytes=2717
[FLOW] dpid=3 prio=10 pkts=1762 bytes=2578028
[FLOW] dpid=3 prio=1 pkts=144 bytes=6048
[FLOW] dpid=3 prio=0 pkts=383 bytes=32087
[PORT] dpid=3 port=1 rx=251 tx=41
[PORT] dpid=3 port=2 rx=269 tx=1926
[PORT] dpid=3 port=4294967294 rx=76 tx=0
[PORT] dpid=3 port=3 rx=1875 tx=318
[FLOW] dpid=6 prio=10 pkts=32 bytes=2717
[FLOW] dpid=6 prio=10 pkts=1762 bytes=2578028
[FLOW] dpid=6 prio=1 pkts=72 bytes=3024
[FLOW] dpid=6 prio=0 pkts=253 bytes=20646
[PORT] dpid=6 port=1 rx=318 tx=1875
[PORT] dpid=6 port=2 rx=43 tx=287
[PORT] dpid=6 port=4 rx=1804 tx=316
[PORT] dpid=6 port=4294967294 rx=218 tx=0
[PORT] dpid=6 port=3 rx=44 tx=285
[FLOW] dpid=2 prio=10 pkts=8719 bytes=569566
[FLOW] dpid=2 prio=50 pkts=10067 bytes=27391314
[FLOW] dpid=2 prio=10 pkts=24344 bytes=1763268
[FLOW] dpid=2 prio=50 pkts=25999 bytes=69359294
[FLOW] dpid=2 prio=1 pkts=72 bytes=3024
[FLOW] dpid=2 prio=0 pkts=245 bytes=21431
[PORT] dpid=2 port=2 rx=41 tx=258
[PORT] dpid=2 port=1 rx=36422 tx=33213
[PORT] dpid=2 port=4294967294 rx=154 tx=0
[PORT] dpid=2 port=3 rx=33178 tx=36436
[FLOW] dpid=5 prio=10 pkts=8719 bytes=569566
[FLOW] dpid=5 prio=50 pkts=10067 bytes=27391314
[FLOW] dpid=5 prio=10 pkts=24343 bytes=1763202
[FLOW] dpid=5 prio=50 pkts=27571 bytes=73427673
[FLOW] dpid=5 prio=10 pkts=1999 bytes=128382
[FLOW] dpid=5 prio=100 pkts=2058 bytes=5622399
[FLOW] dpid=5 prio=1 pkts=72 bytes=3024
[FLOW] dpid=5 prio=0 pkts=274 bytes=22493
[PORT] dpid=5 port=2 rx=10109 tx=9010
[PORT] dpid=5 port=5 rx=44 tx=289
[PORT] dpid=5 port=4 rx=2103 tx=2291
[PORT] dpid=5 port=1 rx=35416 tx=38320
[PORT] dpid=5 port=4294967294 rx=302 tx=0
[PORT] dpid=5 port=3 rx=27708 tx=24704
[FLOW] dpid=1 prio=10 pkts=8719 bytes=569566
[FLOW] dpid=1 prio=50 pkts=10067 bytes=27391314
[FLOW] dpid=1 prio=10 pkts=24343 bytes=1763202
[FLOW] dpid=1 prio=50 pkts=26000 bytes=69362256
[FLOW] dpid=1 prio=10 pkts=1999 bytes=128382
[FLOW] dpid=1 prio=100 pkts=2036 bytes=5620390
[FLOW] dpid=1 prio=1 pkts=72 bytes=3024
[FLOW] dpid=1 prio=0 pkts=225 bytes=23088
[PORT] dpid=1 port=1 rx=33213 tx=36422
[PORT] dpid=1 port=2 rx=2183 tx=2270
[PORT] dpid=1 port=4294967294 rx=225 tx=0
[PORT] dpid=1 port=3 rx=38320 tx=35416
[FLOW] dpid=6 prio=10 pkts=40 bytes=3237
[FLOW] dpid=6 prio=10 pkts=1802 bytes=2626479
[FLOW] dpid=6 prio=1 pkts=72 bytes=3024
[FLOW] dpid=6 prio=0 pkts=261 bytes=21116
[PORT] dpid=6 port=1 rx=333 tx=1933
[PORT] dpid=6 port=2 rx=44 tx=294
[PORT] dpid=6 port=4 rx=1862 tx=333
[PORT] dpid=6 port=4294967294 rx=233 tx=0
[PORT] dpid=6 port=3 rx=44 tx=293
[FLOW] dpid=3 prio=10 pkts=40 bytes=3237
[FLOW] dpid=3 prio=10 pkts=1802 bytes=2626479
[FLOW] dpid=3 prio=1 pkts=144 bytes=6048
[FLOW] dpid=3 prio=0 pkts=398 bytes=32957
[PORT] dpid=3 port=1 rx=258 tx=41
[PORT] dpid=3 port=2 rx=284 tx=1984
[PORT] dpid=3 port=4294967294 rx=81 tx=0
[PORT] dpid=3 port=3 rx=1933 tx=333
[FLOW] dpid=4 prio=100 pkts=2036 bytes=5620390
[FLOW] dpid=4 prio=10 pkts=40 bytes=3237
[FLOW] dpid=4 prio=10 pkts=1802 bytes=2626479
[FLOW] dpid=4 prio=10 pkts=1999 bytes=128382
[FLOW] dpid=4 prio=1 pkts=72 bytes=3024
[FLOW] dpid=4 prio=0 pkts=276 bytes=24030
[PORT] dpid=4 port=1 rx=1984 tx=284
[PORT] dpid=4 port=2 rx=2270 tx=2183
[PORT] dpid=4 port=4294967294 rx=152 tx=0
[PORT] dpid=4 port=3 rx=2081 tx=4145
[FLOW] dpid=2 prio=10 pkts=8719 bytes=569566
[FLOW] dpid=2 prio=50 pkts=10067 bytes=27391314
[FLOW] dpid=2 prio=10 pkts=27755 bytes=1988394
[FLOW] dpid=2 prio=50 pkts=29892 bytes=80020112
[FLOW] dpid=2 prio=1 pkts=72 bytes=3024
[FLOW] dpid=2 prio=0 pkts=252 bytes=21831
[PORT] dpid=2 port=2 rx=42 tx=264
[PORT] dpid=2 port=1 rx=40308 tx=36627
[PORT] dpid=2 port=4294967294 rx=164 tx=0
[PORT] dpid=2 port=3 rx=36591 tx=40323
[FLOW] dpid=6 prio=10 pkts=48 bytes=4047
[FLOW] dpid=6 prio=10 pkts=2643 bytes=3867016
[FLOW] dpid=6 prio=1 pkts=72 bytes=3024
[FLOW] dpid=6 prio=0 pkts=270 bytes=21656
[PORT] dpid=6 port=1 rx=349 tx=2758
[PORT] dpid=6 port=2 rx=44 tx=303
[PORT] dpid=6 port=4 rx=2686 tx=349
[PORT] dpid=6 port=4294967294 rx=248 tx=0
[PORT] dpid=6 port=3 rx=44 tx=302
[FLOW] dpid=4 prio=100 pkts=2608 bytes=7219317
[FLOW] dpid=4 prio=10 pkts=48 bytes=4047
[FLOW] dpid=4 prio=10 pkts=2643 bytes=3867016
[FLOW] dpid=4 prio=10 pkts=2547 bytes=164562
[FLOW] dpid=4 prio=1 pkts=72 bytes=3024
[FLOW] dpid=4 prio=0 pkts=284 bytes=24500
[PORT] dpid=4 port=1 rx=2809 tx=299
[PORT] dpid=4 port=2 rx=2850 tx=2733
[PORT] dpid=4 port=4294967294 rx=162 tx=0
[PORT] dpid=4 port=3 rx=2638 tx=5550
[FLOW] dpid=1 prio=10 pkts=8719 bytes=569566
[FLOW] dpid=1 prio=50 pkts=10067 bytes=27391314
[FLOW] dpid=1 prio=10 pkts=27754 bytes=1988328
[FLOW] dpid=1 prio=50 pkts=29893 bytes=80023074
[FLOW] dpid=1 prio=10 pkts=2547 bytes=164562
[FLOW] dpid=1 prio=100 pkts=2608 bytes=7219317
[FLOW] dpid=1 prio=1 pkts=72 bytes=3024
[FLOW] dpid=1 prio=0 pkts=227 bytes=23228
[PORT] dpid=1 port=1 rx=36627 tx=40308
[PORT] dpid=1 port=2 rx=2733 tx=2850
[PORT] dpid=1 port=4294967294 rx=240 tx=0
[PORT] dpid=1 port=3 rx=42773 tx=39385
[FLOW] dpid=3 prio=10 pkts=48 bytes=4047
[FLOW] dpid=3 prio=10 pkts=2643 bytes=3867016
[FLOW] dpid=3 prio=1 pkts=144 bytes=6048
[FLOW] dpid=3 prio=0 pkts=412 bytes=33757
[PORT] dpid=3 port=1 rx=264 tx=42
[PORT] dpid=3 port=2 rx=299 tx=2809
[PORT] dpid=3 port=4294967294 rx=86 tx=0
[PORT] dpid=3 port=3 rx=2758 tx=349
[FLOW] dpid=5 prio=10 pkts=8719 bytes=569566
[FLOW] dpid=5 prio=50 pkts=10067 bytes=27391314
[FLOW] dpid=5 prio=10 pkts=27754 bytes=1988328
[FLOW] dpid=5 prio=50 pkts=31766 bytes=84994599
[FLOW] dpid=5 prio=10 pkts=2547 bytes=164562
[FLOW] dpid=5 prio=100 pkts=2754 bytes=7585681
[FLOW] dpid=5 prio=1 pkts=72 bytes=3024
[FLOW] dpid=5 prio=0 pkts=281 bytes=22893
[PORT] dpid=5 port=2 rx=10109 tx=9017
[PORT] dpid=5 port=5 rx=44 tx=296
[PORT] dpid=5 port=4 rx=2800 tx=2847
[PORT] dpid=5 port=1 rx=39385 tx=42773
[PORT] dpid=5 port=4294967294 rx=322 tx=0
[PORT] dpid=5 port=3 rx=31905 tx=28123
[FLOW] dpid=6 prio=10 pkts=48 bytes=4047
[FLOW] dpid=6 prio=10 pkts=2643 bytes=3867016
[FLOW] dpid=6 prio=1 pkts=72 bytes=3024
[FLOW] dpid=6 prio=0 pkts=275 bytes=21916
[PORT] dpid=6 port=1 rx=354 tx=2758
[PORT] dpid=6 port=2 rx=44 tx=308
[PORT] dpid=6 port=4 rx=2686 tx=354
[PORT] dpid=6 port=4294967294 rx=263 tx=0
[PORT] dpid=6 port=3 rx=44 tx=307
[FLOW] dpid=4 prio=100 pkts=3004 bytes=8284683
[FLOW] dpid=4 prio=10 pkts=48 bytes=4047
[FLOW] dpid=4 prio=10 pkts=2643 bytes=3867016
[FLOW] dpid=4 prio=10 pkts=2942 bytes=189047
[FLOW] dpid=4 prio=1 pkts=72 bytes=3024
[FLOW] dpid=4 prio=0 pkts=289 bytes=24760
[PORT] dpid=4 port=1 rx=2809 tx=304
[PORT] dpid=4 port=2 rx=3248 tx=3125
[PORT] dpid=4 port=4294967294 rx=172 tx=0
[PORT] dpid=4 port=3 rx=3030 tx=5948
[FLOW] dpid=5 prio=10 pkts=8719 bytes=569566
[FLOW] dpid=5 prio=50 pkts=10067 bytes=27391314
[FLOW] dpid=5 prio=10 pkts=31545 bytes=2269318
[FLOW] dpid=5 prio=50 pkts=36847 bytes=98962865
[FLOW] dpid=5 prio=10 pkts=2942 bytes=189047
[FLOW] dpid=5 prio=100 pkts=3034 bytes=8287451
[FLOW] dpid=5 prio=1 pkts=72 bytes=3024
[FLOW] dpid=5 prio=0 pkts=286 bytes=23153
[PORT] dpid=5 port=2 rx=10109 tx=9022
[PORT] dpid=5 port=5 rx=44 tx=301
[PORT] dpid=5 port=4 rx=3076 tx=3244
[PORT] dpid=5 port=1 rx=43612 tx=47072
[PORT] dpid=5 port=4294967294 rx=342 tx=0
[PORT] dpid=5 port=3 rx=37015 tx=31959
[FLOW] dpid=1 prio=10 pkts=8719 bytes=569566
[FLOW] dpid=1 prio=50 pkts=10067 bytes=27391314
[FLOW] dpid=1 prio=10 pkts=31545 bytes=2269318
[FLOW] dpid=1 prio=50 pkts=33757 bytes=91200362
[FLOW] dpid=1 prio=10 pkts=2942 bytes=189047
[FLOW] dpid=1 prio=100 pkts=3004 bytes=8284683
[FLOW] dpid=1 prio=1 pkts=72 bytes=3024
[FLOW] dpid=1 prio=0 pkts=227 bytes=23228
[PORT] dpid=1 port=1 rx=40458 tx=44218
[PORT] dpid=1 port=2 rx=3125 tx=3248
[PORT] dpid=1 port=4294967294 rx=255 tx=0
[PORT] dpid=1 port=3 rx=47072 tx=43612
[FLOW] dpid=2 prio=10 pkts=8719 bytes=569566
[FLOW] dpid=2 prio=50 pkts=10067 bytes=27391314
[FLOW] dpid=2 prio=10 pkts=31546 bytes=2269412
[FLOW] dpid=2 prio=50 pkts=33757 bytes=91200362
[FLOW] dpid=2 prio=1 pkts=72 bytes=3024
[FLOW] dpid=2 prio=0 pkts=257 bytes=22091
[PORT] dpid=2 port=2 rx=42 tx=269
[PORT] dpid=2 port=1 rx=44218 tx=40458
[PORT] dpid=2 port=4294967294 rx=174 tx=0
[PORT] dpid=2 port=3 rx=40423 tx=44234
[FLOW] dpid=3 prio=10 pkts=48 bytes=4047
[FLOW] dpid=3 prio=10 pkts=2643 bytes=3867016
[FLOW] dpid=3 prio=1 pkts=144 bytes=6048
[FLOW] dpid=3 prio=0 pkts=422 bytes=34277
[PORT] dpid=3 port=1 rx=269 tx=42
[PORT] dpid=3 port=2 rx=304 tx=2809
[PORT] dpid=3 port=4294967294 rx=91 tx=0
[PORT] dpid=3 port=3 rx=2758 tx=354
[FLOW] dpid=3 prio=10 pkts=48 bytes=4047
[FLOW] dpid=3 prio=10 pkts=2643 bytes=3867016
[FLOW] dpid=3 prio=1 pkts=144 bytes=6048
[FLOW] dpid=3 prio=0 pkts=432 bytes=34797
[PORT] dpid=3 port=1 rx=274 tx=42
[PORT] dpid=3 port=2 rx=309 tx=2809
[PORT] dpid=3 port=4294967294 rx=96 tx=0
[PORT] dpid=3 port=3 rx=2758 tx=359
[FLOW] dpid=1 prio=10 pkts=11015 bytes=721122
[FLOW] dpid=1 prio=50 pkts=12711 bytes=34691665
[FLOW] dpid=1 prio=10 pkts=33680 bytes=2469360
[FLOW] dpid=1 prio=50 pkts=35889 bytes=96124897
[FLOW] dpid=1 prio=10 pkts=2943 bytes=189145
[FLOW] dpid=1 prio=100 pkts=3005 bytes=8284781
[FLOW] dpid=1 prio=1 pkts=72 bytes=3024
[FLOW] dpid=1 prio=0 pkts=227 bytes=23228
[PORT] dpid=1 port=1 rx=44840 tx=48960
[PORT] dpid=1 port=2 rx=3126 tx=3254
[PORT] dpid=1 port=4294967294 rx=270 tx=0
[PORT] dpid=1 port=3 rx=51809 tx=48001
[FLOW] dpid=2 prio=10 pkts=11015 bytes=721122
[FLOW] dpid=2 prio=50 pkts=12710 bytes=34688703
[FLOW] dpid=2 prio=10 pkts=33680 bytes=2469360
[FLOW] dpid=2 prio=50 pkts=35889 bytes=96124897
[FLOW] dpid=2 prio=1 pkts=72 bytes=3024
[FLOW] dpid=2 prio=0 pkts=262 bytes=22351
[PORT] dpid=2 port=2 rx=42 tx=274
[PORT] dpid=2 port=1 rx=48960 tx=44840
[PORT] dpid=2 port=4294967294 rx=184 tx=0
[PORT] dpid=2 port=3 rx=44803 tx=48976
[FLOW] dpid=6 prio=10 pkts=48 bytes=4047
[FLOW] dpid=6 prio=10 pkts=2643 bytes=3867016
[FLOW] dpid=6 prio=1 pkts=72 bytes=3024
[FLOW] dpid=6 prio=0 pkts=280 bytes=22176
[PORT] dpid=6 port=1 rx=359 tx=2758
[PORT] dpid=6 port=2 rx=44 tx=313
[PORT] dpid=6 port=4 rx=2686 tx=359
[PORT] dpid=6 port=4294967294 rx=278 tx=0
[PORT] dpid=6 port=3 rx=44 tx=312
[FLOW] dpid=5 prio=10 pkts=11014 bytes=721056
[FLOW] dpid=5 prio=50 pkts=12875 bytes=35138337
[FLOW] dpid=5 prio=10 pkts=33680 bytes=2469360
[FLOW] dpid=5 prio=50 pkts=38031 bytes=101702064
[FLOW] dpid=5 prio=10 pkts=2943 bytes=189145
[FLOW] dpid=5 prio=100 pkts=3034 bytes=8287451
[FLOW] dpid=5 prio=1 pkts=72 bytes=3024
[FLOW] dpid=5 prio=0 pkts=291 bytes=23413
[PORT] dpid=5 port=2 rx=13001 tx=11389
[PORT] dpid=5 port=5 rx=44 tx=306
[PORT] dpid=5 port=4 rx=3076 tx=3250
[PORT] dpid=5 port=1 rx=48001 tx=51809
[PORT] dpid=5 port=4294967294 rx=362 tx=0
[PORT] dpid=5 port=3 rx=38074 tx=33984
[FLOW] dpid=4 prio=100 pkts=3005 bytes=8284781
[FLOW] dpid=4 prio=10 pkts=48 bytes=4047
[FLOW] dpid=4 prio=10 pkts=2643 bytes=3867016
[FLOW] dpid=4 prio=10 pkts=2943 bytes=189145
[FLOW] dpid=4 prio=1 pkts=72 bytes=3024
[FLOW] dpid=4 prio=0 pkts=294 bytes=25020
[PORT] dpid=4 port=1 rx=2809 tx=309
[PORT] dpid=4 port=2 rx=3254 tx=3126
[PORT] dpid=4 port=4294967294 rx=182 tx=0
[PORT] dpid=4 port=3 rx=3031 tx=5954
(40124) accepted ('127.0.0.1', 33478)
127.0.0.1 - - [06/Aug/2026 13:17:19] "POST /stats/meterentry/delete HTTP/1.1" 200 115 0.000310
(40124) accepted ('127.0.0.1', 39716)
127.0.0.1 - - [06/Aug/2026 13:17:20] "POST /stats/meterentry/add HTTP/1.1" 200 115 0.000455
[FLOW] dpid=2 prio=10 pkts=13065 bytes=853467
[FLOW] dpid=2 prio=50 pkts=15071 bytes=41084321
[FLOW] dpid=2 prio=10 pkts=33680 bytes=2469360
[FLOW] dpid=2 prio=50 pkts=35889 bytes=96124897
[FLOW] dpid=2 prio=1 pkts=72 bytes=3024
[FLOW] dpid=2 prio=0 pkts=267 bytes=22611
[PORT] dpid=2 port=2 rx=42 tx=279
[PORT] dpid=2 port=1 rx=51247 tx=46823
[PORT] dpid=2 port=4294967294 rx=194 tx=0
[PORT] dpid=2 port=3 rx=46786 tx=51263
[FLOW] dpid=1 prio=400 pkts=0 bytes=0
[FLOW] dpid=1 prio=400 pkts=0 bytes=0
[FLOW] dpid=1 prio=10 pkts=13065 bytes=853467
[FLOW] dpid=1 prio=50 pkts=15071 bytes=41084321
[FLOW] dpid=1 prio=10 pkts=33680 bytes=2469360
[FLOW] dpid=1 prio=50 pkts=35889 bytes=96124897
[FLOW] dpid=1 prio=10 pkts=2943 bytes=189145
[FLOW] dpid=1 prio=100 pkts=3005 bytes=8284781
[FLOW] dpid=1 prio=1 pkts=72 bytes=3024
[FLOW] dpid=1 prio=0 pkts=227 bytes=23228
[FLOW] dpid=6 prio=10 pkts=48 bytes=4047
[FLOW] dpid=6 prio=10 pkts=2643 bytes=3867016
[FLOW] dpid=6 prio=1 pkts=72 bytes=3024
[FLOW] dpid=6 prio=0 pkts=285 bytes=22436
[PORT] dpid=6 port=1 rx=364 tx=2758
[PORT] dpid=6 port=2 rx=44 tx=318
[PORT] dpid=6 port=4 rx=2686 tx=364
[PORT] dpid=6 port=4294967294 rx=293 tx=0
[PORT] dpid=6 port=3 rx=44 tx=317
[PORT] dpid=1 port=1 rx=46823 tx=51247
[PORT] dpid=1 port=2 rx=3126 tx=3259
[PORT] dpid=1 port=4294967294 rx=285 tx=0
[PORT] dpid=1 port=3 rx=54090 tx=49989
[FLOW] dpid=4 prio=100 pkts=3005 bytes=8284781
[FLOW] dpid=4 prio=10 pkts=48 bytes=4047
[FLOW] dpid=4 prio=10 pkts=2643 bytes=3867016
[FLOW] dpid=4 prio=10 pkts=2943 bytes=189145
[FLOW] dpid=4 prio=1 pkts=72 bytes=3024
[FLOW] dpid=4 prio=0 pkts=299 bytes=25280
[PORT] dpid=4 port=1 rx=2809 tx=314
[PORT] dpid=4 port=2 rx=3259 tx=3126
[PORT] dpid=4 port=4294967294 rx=192 tx=0
[PORT] dpid=4 port=3 rx=3031 tx=5959
[FLOW] dpid=5 prio=10 pkts=13065 bytes=853467
[FLOW] dpid=5 prio=50 pkts=15071 bytes=41084321
[FLOW] dpid=5 prio=10 pkts=33680 bytes=2469360
[FLOW] dpid=5 prio=50 pkts=38031 bytes=101702064
[FLOW] dpid=5 prio=10 pkts=2943 bytes=189145
[FLOW] dpid=5 prio=100 pkts=3034 bytes=8287451
[FLOW] dpid=5 prio=1 pkts=72 bytes=3024
[FLOW] dpid=5 prio=0 pkts=296 bytes=23673
[PORT] dpid=5 port=2 rx=15113 tx=13378
[PORT] dpid=5 port=5 rx=44 tx=311
[PORT] dpid=5 port=4 rx=3076 tx=3255
[PORT] dpid=5 port=1 rx=49989 tx=54090
[PORT] dpid=5 port=4294967294 rx=382 tx=0
[PORT] dpid=5 port=3 rx=38074 tx=33989
[FLOW] dpid=3 prio=10 pkts=48 bytes=4047
[FLOW] dpid=3 prio=10 pkts=2643 bytes=3867016
[FLOW] dpid=3 prio=1 pkts=144 bytes=6048
[FLOW] dpid=3 prio=0 pkts=442 bytes=35317
[PORT] dpid=3 port=1 rx=279 tx=42
[PORT] dpid=3 port=2 rx=314 tx=2809
[PORT] dpid=3 port=4294967294 rx=101 tx=0
[PORT] dpid=3 port=3 rx=2758 tx=364
[FLOW] dpid=2 prio=10 pkts=13065 bytes=853467
[FLOW] dpid=2 prio=50 pkts=15071 bytes=41084321
[FLOW] dpid=2 prio=10 pkts=34588 bytes=2532592
[FLOW] dpid=2 prio=50 pkts=36959 bytes=98852524
[FLOW] dpid=2 prio=1 pkts=72 bytes=3024
[FLOW] dpid=2 prio=0 pkts=272 bytes=22871
[PORT] dpid=2 port=2 rx=42 tx=283
[PORT] dpid=2 port=1 rx=52332 tx=47743
[PORT] dpid=2 port=4294967294 rx=202 tx=0
[PORT] dpid=2 port=3 rx=47706 tx=52348
[FLOW] dpid=6 prio=10 pkts=56 bytes=4567
[FLOW] dpid=6 prio=10 pkts=3027 bytes=4428027
[FLOW] dpid=6 prio=1 pkts=72 bytes=3024
[FLOW] dpid=6 prio=0 pkts=290 bytes=22696
[PORT] dpid=6 port=1 rx=376 tx=3164
[PORT] dpid=6 port=2 rx=44 tx=322
[PORT] dpid=6 port=4 rx=3092 tx=376
[PORT] dpid=6 port=4294967294 rx=305 tx=0
[PORT] dpid=6 port=3 rx=44 tx=321
[FLOW] dpid=3 prio=10 pkts=56 bytes=4567
[FLOW] dpid=3 prio=10 pkts=3027 bytes=4428027
[FLOW] dpid=3 prio=1 pkts=144 bytes=6048
[FLOW] dpid=3 prio=0 pkts=452 bytes=35837
[PORT] dpid=3 port=1 rx=283 tx=42
[PORT] dpid=3 port=2 rx=326 tx=3214
[PORT] dpid=3 port=4294967294 rx=105 tx=0
[PORT] dpid=3 port=3 rx=3164 tx=376
[FLOW] dpid=4 prio=100 pkts=4678 bytes=12863966
[FLOW] dpid=4 prio=10 pkts=56 bytes=4567
[FLOW] dpid=4 prio=10 pkts=3027 bytes=4428027
[FLOW] dpid=4 prio=10 pkts=4400 bytes=285327
[FLOW] dpid=4 prio=1 pkts=72 bytes=3024
[FLOW] dpid=4 prio=0 pkts=304 bytes=25540
[PORT] dpid=4 port=1 rx=3214 tx=326
[PORT] dpid=4 port=2 rx=5035 tx=4671
[PORT] dpid=4 port=4294967294 rx=200 tx=0
[PORT] dpid=4 port=3 rx=4585 tx=8140
[FLOW] dpid=1 prio=400 pkts=0 bytes=0
[FLOW] dpid=1 prio=400 pkts=1207 bytes=3071157
[FLOW] dpid=1 prio=10 pkts=13065 bytes=853467
[FLOW] dpid=1 prio=50 pkts=15071 bytes=41084321
[FLOW] dpid=1 prio=10 pkts=34588 bytes=2532592
[FLOW] dpid=1 prio=50 pkts=35889 bytes=96124897
[FLOW] dpid=1 prio=10 pkts=4399 bytes=285261
[FLOW] dpid=1 prio=100 pkts=4679 bytes=12866928
[FLOW] dpid=1 prio=1 pkts=72 bytes=3024
[FLOW] dpid=1 prio=0 pkts=227 bytes=23228
[PORT] dpid=1 port=1 rx=47743 tx=52332
[PORT] dpid=1 port=2 rx=4671 tx=5035
[PORT] dpid=1 port=4294967294 rx=297 tx=0
[PORT] dpid=1 port=3 rx=57081 tx=52457
[FLOW] dpid=5 prio=10 pkts=13065 bytes=853467
[FLOW] dpid=5 prio=50 pkts=15071 bytes=41084321
[FLOW] dpid=5 prio=10 pkts=34588 bytes=2532592
[FLOW] dpid=5 prio=50 pkts=39249 bytes=104805803
[FLOW] dpid=5 prio=10 pkts=4399 bytes=285261
[FLOW] dpid=5 prio=100 pkts=4805 bytes=13138088
[FLOW] dpid=5 prio=1 pkts=72 bytes=3024
[FLOW] dpid=5 prio=0 pkts=301 bytes=23933
[PORT] dpid=5 port=2 rx=15113 tx=13382
[PORT] dpid=5 port=5 rx=44 tx=315
[PORT] dpid=5 port=4 rx=4952 tx=4803
[PORT] dpid=5 port=1 rx=52457 tx=57081
[PORT] dpid=5 port=4294967294 rx=398 tx=0
[PORT] dpid=5 port=3 rx=39304 tx=34913
[FLOW] dpid=2 prio=10 pkts=13065 bytes=853467
[FLOW] dpid=2 prio=50 pkts=15071 bytes=41084321
[FLOW] dpid=2 prio=10 pkts=35982 bytes=2633900
[FLOW] dpid=2 prio=50 pkts=38405 bytes=102738824
[FLOW] dpid=2 prio=1 pkts=72 bytes=3024
[FLOW] dpid=2 prio=0 pkts=277 bytes=23131
[PORT] dpid=2 port=2 rx=42 tx=288
[PORT] dpid=2 port=1 rx=53788 tx=49140
[PORT] dpid=2 port=4294967294 rx=212 tx=0
[PORT] dpid=2 port=3 rx=49103 tx=53804
[FLOW] dpid=5 prio=10 pkts=13065 bytes=853467
[FLOW] dpid=5 prio=50 pkts=15071 bytes=41084321
[FLOW] dpid=5 prio=10 pkts=35982 bytes=2633900
[FLOW] dpid=5 prio=50 pkts=41087 bytes=109806871
[FLOW] dpid=5 prio=10 pkts=6666 bytes=432742
[FLOW] dpid=5 prio=100 pkts=7209 bytes=19753012
[FLOW] dpid=5 prio=1 pkts=72 bytes=3024
[FLOW] dpid=5 prio=0 pkts=306 bytes=24193
[PORT] dpid=5 port=2 rx=15113 tx=13387
[PORT] dpid=5 port=5 rx=44 tx=320
[PORT] dpid=5 port=4 rx=7252 tx=6987
[PORT] dpid=5 port=1 rx=56038 tx=61345
[PORT] dpid=5 port=4294967294 rx=418 tx=0
[PORT] dpid=5 port=3 rx=41172 tx=36315
[FLOW] dpid=1 prio=400 pkts=0 bytes=0
[FLOW] dpid=1 prio=400 pkts=3056 bytes=8104807
[FLOW] dpid=1 prio=10 pkts=13065 bytes=853467
[FLOW] dpid=1 prio=50 pkts=15071 bytes=41084321
[FLOW] dpid=1 prio=10 pkts=35982 bytes=2633900
[FLOW] dpid=1 prio=50 pkts=35889 bytes=96124897
[FLOW] dpid=1 prio=10 pkts=6666 bytes=432742
[FLOW] dpid=1 prio=100 pkts=7180 bytes=19750342
[FLOW] dpid=1 prio=1 pkts=72 bytes=3024
[FLOW] dpid=1 prio=0 pkts=227 bytes=23228
[PORT] dpid=1 port=1 rx=49140 tx=53789
[PORT] dpid=1 port=2 rx=6849 tx=7443
[PORT] dpid=1 port=4294967294 rx=312 tx=0
[PORT] dpid=1 port=3 rx=61345 tx=56038
[FLOW] dpid=6 prio=10 pkts=64 bytes=5378
[FLOW] dpid=6 prio=10 pkts=3524 bytes=5156001
[FLOW] dpid=6 prio=1 pkts=72 bytes=3024
[FLOW] dpid=6 prio=0 pkts=295 bytes=22956
[PORT] dpid=6 port=1 rx=389 tx=3639
[PORT] dpid=6 port=2 rx=44 tx=327
[PORT] dpid=6 port=4 rx=3567 tx=389
[PORT] dpid=6 port=4294967294 rx=320 tx=0
[PORT] dpid=6 port=3 rx=44 tx=326
[FLOW] dpid=3 prio=10 pkts=64 bytes=5378
[FLOW] dpid=3 prio=10 pkts=3524 bytes=5156001
[FLOW] dpid=3 prio=1 pkts=144 bytes=6048
[FLOW] dpid=3 prio=0 pkts=462 bytes=36357
[PORT] dpid=3 port=1 rx=288 tx=42
[PORT] dpid=3 port=2 rx=339 tx=3690
[PORT] dpid=3 port=4294967294 rx=110 tx=0
[PORT] dpid=3 port=3 rx=3639 tx=389
[FLOW] dpid=4 prio=100 pkts=7180 bytes=19750342
[FLOW] dpid=4 prio=10 pkts=64 bytes=5378
[FLOW] dpid=4 prio=10 pkts=3524 bytes=5156001
[FLOW] dpid=4 prio=10 pkts=6666 bytes=432742
[FLOW] dpid=4 prio=1 pkts=72 bytes=3024
[FLOW] dpid=4 prio=0 pkts=309 bytes=25800
[PORT] dpid=4 port=1 rx=3690 tx=339
[PORT] dpid=4 port=2 rx=7443 tx=6849
[PORT] dpid=4 port=4294967294 rx=210 tx=0
[PORT] dpid=4 port=3 rx=6770 tx=11024
[FLOW] dpid=2 prio=10 pkts=14014 bytes=919685
[FLOW] dpid=2 prio=50 pkts=16421 bytes=43807572
[FLOW] dpid=2 prio=10 pkts=36787 bytes=2693632
[FLOW] dpid=2 prio=50 pkts=39486 bytes=105018691
[FLOW] dpid=2 prio=1 pkts=72 bytes=3024
[FLOW] dpid=2 prio=0 pkts=282 bytes=23391
[PORT] dpid=2 port=2 rx=42 tx=293
[PORT] dpid=2 port=1 rx=56262 tx=50921
[PORT] dpid=2 port=4294967294 rx=222 tx=0
[PORT] dpid=2 port=3 rx=50883 tx=56277
[FLOW] dpid=6 prio=10 pkts=64 bytes=5378
[FLOW] dpid=6 prio=10 pkts=3524 bytes=5156001
[FLOW] dpid=6 prio=1 pkts=72 bytes=3024
[FLOW] dpid=6 prio=0 pkts=301 bytes=23286
[PORT] dpid=6 port=1 rx=395 tx=3639
[PORT] dpid=6 port=2 rx=44 tx=333
[PORT] dpid=6 port=4 rx=3567 tx=395
[PORT] dpid=6 port=4294967294 rx=335 tx=0
[PORT] dpid=6 port=3 rx=44 tx=332
[FLOW] dpid=4 prio=100 pkts=7188 bytes=19751126
[FLOW] dpid=4 prio=10 pkts=64 bytes=5378
[FLOW] dpid=4 prio=10 pkts=3524 bytes=5156001
[FLOW] dpid=4 prio=10 pkts=6674 bytes=433526
[FLOW] dpid=4 prio=1 pkts=72 bytes=3024
[FLOW] dpid=4 prio=0 pkts=315 bytes=26130
[PORT] dpid=4 port=1 rx=3690 tx=345
[PORT] dpid=4 port=2 rx=7457 tx=6857
[PORT] dpid=4 port=4294967294 rx=220 tx=0
[PORT] dpid=4 port=3 rx=6778 tx=11038
[FLOW] dpid=3 prio=10 pkts=64 bytes=5378
[FLOW] dpid=3 prio=10 pkts=3524 bytes=5156001
[FLOW] dpid=3 prio=1 pkts=144 bytes=6048
[FLOW] dpid=3 prio=0 pkts=473 bytes=36947
[PORT] dpid=3 port=1 rx=293 tx=42
[PORT] dpid=3 port=2 rx=345 tx=3690
[PORT] dpid=3 port=4294967294 rx=115 tx=0
[PORT] dpid=3 port=3 rx=3639 tx=395
[FLOW] dpid=1 prio=400 pkts=1505 bytes=3099825
[FLOW] dpid=1 prio=400 pkts=4388 bytes=11248320
[FLOW] dpid=1 prio=10 pkts=14014 bytes=919685
[FLOW] dpid=1 prio=50 pkts=15071 bytes=41084321
[FLOW] dpid=1 prio=10 pkts=36787 bytes=2693632
[FLOW] dpid=1 prio=50 pkts=35889 bytes=96124897
[FLOW] dpid=1 prio=10 pkts=6674 bytes=433526
[FLOW] dpid=1 prio=100 pkts=7188 bytes=19751126
[FLOW] dpid=1 prio=1 pkts=72 bytes=3024
[FLOW] dpid=1 prio=0 pkts=228 bytes=23298
[PORT] dpid=1 port=1 rx=50921 tx=56262
[PORT] dpid=1 port=2 rx=6857 tx=7457
[PORT] dpid=1 port=4294967294 rx=327 tx=0
[PORT] dpid=1 port=3 rx=64225 tx=57832
[FLOW] dpid=5 prio=10 pkts=14014 bytes=919685
[FLOW] dpid=5 prio=50 pkts=16576 bytes=44184146
[FLOW] dpid=5 prio=10 pkts=36787 bytes=2693632
[FLOW] dpid=5 prio=50 pkts=42419 bytes=112950384
[FLOW] dpid=5 prio=10 pkts=6674 bytes=433526
[FLOW] dpid=5 prio=100 pkts=7217 bytes=19753796
[FLOW] dpid=5 prio=1 pkts=72 bytes=3024
[FLOW] dpid=5 prio=0 pkts=312 bytes=24523
[PORT] dpid=5 port=2 rx=16677 tx=14383
[PORT] dpid=5 port=5 rx=44 tx=326
[PORT] dpid=5 port=4 rx=7259 tx=7001
[PORT] dpid=5 port=1 rx=57832 tx=64225
[PORT] dpid=5 port=4294967294 rx=438 tx=0
[PORT] dpid=5 port=3 rx=42462 tx=37111
[FLOW] dpid=2 prio=10 pkts=14286 bytes=938699
[FLOW] dpid=2 prio=50 pkts=16790 bytes=44612717
[FLOW] dpid=2 prio=10 pkts=37481 bytes=2743784
[FLOW] dpid=2 prio=50 pkts=40306 bytes=107049258
[FLOW] dpid=2 prio=1 pkts=72 bytes=3024
[FLOW] dpid=2 prio=0 pkts=287 bytes=23651
[PORT] dpid=2 port=2 rx=42 tx=298
[PORT] dpid=2 port=1 rx=57416 tx=51856
[PORT] dpid=2 port=4294967294 rx=232 tx=0
[PORT] dpid=2 port=3 rx=51819 tx=57432
[FLOW] dpid=6 prio=10 pkts=72 bytes=5898
[FLOW] dpid=6 prio=10 pkts=3549 bytes=5182102
[FLOW] dpid=6 prio=1 pkts=72 bytes=3024
[FLOW] dpid=6 prio=0 pkts=306 bytes=23546
[PORT] dpid=6 port=1 rx=408 tx=3684
[PORT] dpid=6 port=2 rx=44 tx=338
[PORT] dpid=6 port=4 rx=3612 tx=408
[PORT] dpid=6 port=4294967294 rx=350 tx=0
[PORT] dpid=6 port=3 rx=44 tx=337
[FLOW] dpid=4 prio=100 pkts=7253 bytes=19932311
[FLOW] dpid=4 prio=10 pkts=72 bytes=5898
[FLOW] dpid=4 prio=10 pkts=3549 bytes=5182102
[FLOW] dpid=4 prio=10 pkts=6736 bytes=437638
[FLOW] dpid=4 prio=1 pkts=72 bytes=3024
[FLOW] dpid=4 prio=0 pkts=320 bytes=26390
[PORT] dpid=4 port=1 rx=3735 tx=358
[PORT] dpid=4 port=2 rx=7614 tx=6997
[PORT] dpid=4 port=4294967294 rx=230 tx=0
[PORT] dpid=4 port=3 rx=6926 tx=11240
[FLOW] dpid=5 prio=10 pkts=14286 bytes=938699
[FLOW] dpid=5 prio=50 pkts=16972 bytes=45060577
[FLOW] dpid=5 prio=10 pkts=37481 bytes=2743784
[FLOW] dpid=5 prio=50 pkts=43404 bytes=115433481
[FLOW] dpid=5 prio=10 pkts=6735 bytes=437572
[FLOW] dpid=5 prio=100 pkts=7301 bytes=19988363
[FLOW] dpid=5 prio=1 pkts=72 bytes=3024
[FLOW] dpid=5 prio=0 pkts=317 bytes=24783
[PORT] dpid=5 port=2 rx=17014 tx=14619
[PORT] dpid=5 port=5 rx=44 tx=331
[PORT] dpid=5 port=4 rx=7436 tx=7146
[PORT] dpid=5 port=1 rx=58912 tx=65710
[PORT] dpid=5 port=4294967294 rx=458 tx=0
[PORT] dpid=5 port=3 rx=43458 tx=37820
[FLOW] dpid=3 prio=10 pkts=72 bytes=5898
[FLOW] dpid=3 prio=10 pkts=3549 bytes=5182102
[FLOW] dpid=3 prio=1 pkts=144 bytes=6048
[FLOW] dpid=3 prio=0 pkts=483 bytes=37467
[PORT] dpid=3 port=1 rx=298 tx=42
[PORT] dpid=3 port=2 rx=358 tx=3735
[PORT] dpid=3 port=4294967294 rx=120 tx=0
[PORT] dpid=3 port=3 rx=3684 tx=408
[FLOW] dpid=1 prio=400 pkts=1901 bytes=3976256
[FLOW] dpid=1 prio=400 pkts=5369 bytes=13722465
[FLOW] dpid=1 prio=10 pkts=14286 bytes=938699
[FLOW] dpid=1 prio=50 pkts=15071 bytes=41084321
[FLOW] dpid=1 prio=10 pkts=37481 bytes=2743784
[FLOW] dpid=1 prio=50 pkts=35889 bytes=96124897
[FLOW] dpid=1 prio=10 pkts=6736 bytes=437638
[FLOW] dpid=1 prio=100 pkts=7254 bytes=19935273
[FLOW] dpid=1 prio=1 pkts=72 bytes=3024
[FLOW] dpid=1 prio=0 pkts=228 bytes=23298
[PORT] dpid=1 port=1 rx=51856 tx=57416
[PORT] dpid=1 port=2 rx=6997 tx=7614
[PORT] dpid=1 port=4294967294 rx=342 tx=0
[PORT] dpid=1 port=3 rx=65710 tx=58912
[FLOW] dpid=2 prio=10 pkts=14286 bytes=938699
[FLOW] dpid=2 prio=50 pkts=16790 bytes=44612717
[FLOW] dpid=2 prio=10 pkts=38144 bytes=2787542
[FLOW] dpid=2 prio=50 pkts=41018 bytes=109027882
[FLOW] dpid=2 prio=1 pkts=72 bytes=3024
[FLOW] dpid=2 prio=0 pkts=292 bytes=23911
[PORT] dpid=2 port=2 rx=42 tx=303
[PORT] dpid=2 port=1 rx=58182 tx=52571
[PORT] dpid=2 port=4294967294 rx=242 tx=0
[PORT] dpid=2 port=3 rx=52533 tx=58198
[FLOW] dpid=1 prio=400 pkts=1901 bytes=3976256
[FLOW] dpid=1 prio=400 pkts=6081 bytes=15701089
[FLOW] dpid=1 prio=10 pkts=14286 bytes=938699
[FLOW] dpid=1 prio=50 pkts=15071 bytes=41084321
[FLOW] dpid=1 prio=10 pkts=38144 bytes=2787542
[FLOW] dpid=1 prio=10 pkts=10012 bytes=653854
[FLOW] dpid=1 prio=100 pkts=11009 bytes=30224983
[FLOW] dpid=1 prio=1 pkts=72 bytes=3024
[FLOW] dpid=1 prio=0 pkts=228 bytes=23298
[PORT] dpid=1 port=1 rx=52571 tx=58182
[PORT] dpid=1 port=2 rx=10223 tx=11316
[PORT] dpid=1 port=4294967294 rx=357 tx=0
[PORT] dpid=1 port=3 rx=70168 tx=62857
[FLOW] dpid=6 prio=10 pkts=79 bytes=6668
[FLOW] dpid=6 prio=10 pkts=4404 bytes=6444944
[FLOW] dpid=6 prio=1 pkts=72 bytes=3024
[FLOW] dpid=6 prio=0 pkts=311 bytes=23806
[PORT] dpid=6 port=1 rx=420 tx=4519
[PORT] dpid=6 port=2 rx=44 tx=343
[PORT] dpid=6 port=4 rx=4447 tx=420
[PORT] dpid=6 port=4294967294 rx=365 tx=0
[PORT] dpid=6 port=3 rx=44 tx=342
[FLOW] dpid=4 prio=100 pkts=11008 bytes=30222021
[FLOW] dpid=4 prio=10 pkts=79 bytes=6668
[FLOW] dpid=4 prio=10 pkts=4404 bytes=6444944
[FLOW] dpid=4 prio=10 pkts=10012 bytes=653854
[FLOW] dpid=4 prio=1 pkts=72 bytes=3024
[FLOW] dpid=4 prio=0 pkts=325 bytes=26650
[PORT] dpid=4 port=1 rx=4570 tx=370
[PORT] dpid=4 port=2 rx=11316 tx=10223
[PORT] dpid=4 port=4294967294 rx=240 tx=0
[PORT] dpid=4 port=3 rx=10159 tx=15777
[FLOW] dpid=5 prio=10 pkts=14286 bytes=938699
[FLOW] dpid=5 prio=50 pkts=16972 bytes=45060577
[FLOW] dpid=5 prio=10 pkts=38144 bytes=2787542
[FLOW] dpid=5 prio=50 pkts=44229 bytes=117732331
[FLOW] dpid=5 prio=10 pkts=10011 bytes=653788
[FLOW] dpid=5 prio=100 pkts=11254 bytes=30819662
[FLOW] dpid=5 prio=1 pkts=72 bytes=3024
[FLOW] dpid=5 prio=0 pkts=322 bytes=25043
[PORT] dpid=5 port=2 rx=17014 tx=14624
[PORT] dpid=5 port=5 rx=44 tx=336
[PORT] dpid=5 port=4 rx=11333 tx=10376
[PORT] dpid=5 port=1 rx=62858 tx=70168
[PORT] dpid=5 port=4294967294 rx=478 tx=0
[PORT] dpid=5 port=3 rx=44348 tx=38540
[FLOW] dpid=3 prio=10 pkts=79 bytes=6668
[FLOW] dpid=3 prio=10 pkts=4404 bytes=6444944
[FLOW] dpid=3 prio=1 pkts=144 bytes=6048
[FLOW] dpid=3 prio=0 pkts=493 bytes=37987
[PORT] dpid=3 port=1 rx=303 tx=42
[PORT] dpid=3 port=2 rx=370 tx=4570
[PORT] dpid=3 port=4294967294 rx=125 tx=0
[PORT] dpid=3 port=3 rx=4519 tx=420
[FLOW] dpid=2 prio=10 pkts=14695 bytes=967385
[FLOW] dpid=2 prio=50 pkts=17405 bytes=45781538
[FLOW] dpid=2 prio=10 pkts=39750 bytes=2908034
[FLOW] dpid=2 prio=50 pkts=42885 bytes=113299624
[FLOW] dpid=2 prio=1 pkts=72 bytes=3024
[FLOW] dpid=2 prio=0 pkts=301 bytes=24451
[PORT] dpid=2 port=2 rx=42 tx=312
[PORT] dpid=2 port=1 rx=60672 tx=54566
[PORT] dpid=2 port=4294967294 rx=252 tx=0
[PORT] dpid=2 port=3 rx=54528 tx=60688
[FLOW] dpid=1 prio=400 pkts=2601 bytes=5334583
[FLOW] dpid=1 prio=400 pkts=8523 bytes=21642677
[FLOW] dpid=1 prio=10 pkts=14695 bytes=967385
[FLOW] dpid=1 prio=10 pkts=39750 bytes=2908034
[FLOW] dpid=1 prio=10 pkts=10410 bytes=678241
[FLOW] dpid=1 prio=100 pkts=11419 bytes=31258303
[FLOW] dpid=1 prio=1 pkts=72 bytes=3024
[FLOW] dpid=1 prio=0 pkts=232 bytes=23578
[PORT] dpid=1 port=1 rx=54566 tx=60672
[PORT] dpid=1 port=2 rx=10594 tx=11706
[PORT] dpid=1 port=4294967294 rx=372 tx=0
[PORT] dpid=1 port=3 rx=73705 tx=65229
[FLOW] dpid=4 prio=100 pkts=11419 bytes=31258303
[FLOW] dpid=4 prio=10 pkts=79 bytes=6668
[FLOW] dpid=4 prio=10 pkts=4404 bytes=6444944
[FLOW] dpid=4 prio=10 pkts=10410 bytes=678241
[FLOW] dpid=4 prio=1 pkts=72 bytes=3024
[FLOW] dpid=4 prio=0 pkts=334 bytes=27190
[PORT] dpid=4 port=1 rx=4571 tx=378
[PORT] dpid=4 port=2 rx=11706 tx=10594
[PORT] dpid=4 port=4294967294 rx=250 tx=0
[PORT] dpid=4 port=3 rx=10529 tx=16168
[FLOW] dpid=3 prio=10 pkts=79 bytes=6668
[FLOW] dpid=3 prio=10 pkts=4404 bytes=6444944
[FLOW] dpid=3 prio=1 pkts=144 bytes=6048
[FLOW] dpid=3 prio=0 pkts=510 bytes=38997
[PORT] dpid=3 port=1 rx=312 tx=42
[PORT] dpid=3 port=2 rx=378 tx=4571
[PORT] dpid=3 port=4294967294 rx=130 tx=0
[PORT] dpid=3 port=3 rx=4519 tx=428
[FLOW] dpid=5 prio=10 pkts=14695 bytes=967385
[FLOW] dpid=5 prio=50 pkts=17674 bytes=46423380
[FLOW] dpid=5 prio=10 pkts=39750 bytes=2908034
[FLOW] dpid=5 prio=50 pkts=46554 bytes=123344741
[FLOW] dpid=5 prio=10 pkts=10410 bytes=678241
[FLOW] dpid=5 prio=100 pkts=11448 bytes=31260973
[FLOW] dpid=5 prio=1 pkts=72 bytes=3024
[FLOW] dpid=5 prio=0 pkts=330 bytes=25513
[PORT] dpid=5 port=2 rx=17760 tx=15065
[PORT] dpid=5 port=5 rx=44 tx=344
[PORT] dpid=5 port=4 rx=11491 tx=10754
[PORT] dpid=5 port=1 rx=65229 tx=73705
[PORT] dpid=5 port=4294967294 rx=498 tx=0
[PORT] dpid=5 port=3 rx=46627 tx=40109
[FLOW] dpid=6 prio=10 pkts=79 bytes=6668
[FLOW] dpid=6 prio=10 pkts=4404 bytes=6444944
[FLOW] dpid=6 prio=1 pkts=72 bytes=3024
[FLOW] dpid=6 prio=0 pkts=319 bytes=24276
[PORT] dpid=6 port=1 rx=428 tx=4519
[PORT] dpid=6 port=2 rx=44 tx=352
[PORT] dpid=6 port=4 rx=4447 tx=428
[PORT] dpid=6 port=4294967294 rx=380 tx=0
[PORT] dpid=6 port=3 rx=44 tx=350
[FLOW] dpid=2 prio=10 pkts=15512 bytes=1024141
[FLOW] dpid=2 prio=50 pkts=18541 bytes=48260512
[FLOW] dpid=2 prio=10 pkts=39914 bytes=2919763
[FLOW] dpid=2 prio=50 pkts=43109 bytes=113715825
[FLOW] dpid=2 prio=1 pkts=72 bytes=3024
[FLOW] dpid=2 prio=0 pkts=308 bytes=24851
[PORT] dpid=2 port=2 rx=42 tx=319
[PORT] dpid=2 port=1 rx=61976 tx=55506
[PORT] dpid=2 port=4294967294 rx=262 tx=0
[PORT] dpid=2 port=3 rx=55468 tx=61992
[FLOW] dpid=5 prio=10 pkts=15512 bytes=1024141
[FLOW] dpid=5 prio=50 pkts=18906 bytes=49151954
[FLOW] dpid=5 prio=10 pkts=39914 bytes=2919763
[FLOW] dpid=5 prio=50 pkts=46807 bytes=123828016
[FLOW] dpid=5 prio=10 pkts=10410 bytes=678241
[FLOW] dpid=5 prio=100 pkts=11448 bytes=31260973
[FLOW] dpid=5 prio=1 pkts=72 bytes=3024
[FLOW] dpid=5 prio=0 pkts=337 bytes=25913
[PORT] dpid=5 port=2 rx=18948 tx=15865
[PORT] dpid=5 port=5 rx=45 tx=350
[PORT] dpid=5 port=4 rx=11491 tx=10762
[PORT] dpid=5 port=1 rx=66175 tx=75118
[PORT] dpid=5 port=4294967294 rx=518 tx=0
[PORT] dpid=5 port=3 rx=46850 tx=40263
[FLOW] dpid=4 prio=100 pkts=11419 bytes=31258303
[FLOW] dpid=4 prio=10 pkts=79 bytes=6668
[FLOW] dpid=4 prio=10 pkts=4404 bytes=6444944
[FLOW] dpid=4 prio=10 pkts=10410 bytes=678241
[FLOW] dpid=4 prio=1 pkts=72 bytes=3024
[FLOW] dpid=4 prio=0 pkts=340 bytes=27520
[PORT] dpid=4 port=1 rx=4571 tx=384
[PORT] dpid=4 port=2 rx=11712 tx=10594
[PORT] dpid=4 port=4294967294 rx=260 tx=0
[PORT] dpid=4 port=3 rx=10529 tx=16174
[FLOW] dpid=3 prio=10 pkts=79 bytes=6668
[FLOW] dpid=3 prio=10 pkts=4404 bytes=6444944
[FLOW] dpid=3 prio=1 pkts=144 bytes=6048
[FLOW] dpid=3 prio=0 pkts=523 bytes=39727
[PORT] dpid=3 port=1 rx=319 tx=42
[PORT] dpid=3 port=2 rx=384 tx=4571
[PORT] dpid=3 port=4294967294 rx=135 tx=0
[PORT] dpid=3 port=3 rx=4519 tx=434
[FLOW] dpid=6 prio=10 pkts=79 bytes=6668
[FLOW] dpid=6 prio=10 pkts=4404 bytes=6444944
[FLOW] dpid=6 prio=1 pkts=72 bytes=3024
[FLOW] dpid=6 prio=0 pkts=325 bytes=24606
[PORT] dpid=6 port=1 rx=434 tx=4519
[PORT] dpid=6 port=2 rx=44 tx=358
[PORT] dpid=6 port=4 rx=4447 tx=434
[PORT] dpid=6 port=4294967294 rx=395 tx=0
[PORT] dpid=6 port=3 rx=44 tx=356
[FLOW] dpid=1 prio=400 pkts=3835 bytes=8067633
[FLOW] dpid=1 prio=400 pkts=8776 bytes=22125952
[FLOW] dpid=1 prio=10 pkts=15512 bytes=1024141
[FLOW] dpid=1 prio=10 pkts=39914 bytes=2919763
[FLOW] dpid=1 prio=10 pkts=10410 bytes=678241
[FLOW] dpid=1 prio=100 pkts=11419 bytes=31258303
[FLOW] dpid=1 prio=1 pkts=72 bytes=3024
[FLOW] dpid=1 prio=0 pkts=233 bytes=23648
[PORT] dpid=1 port=1 rx=55506 tx=61976
[PORT] dpid=1 port=2 rx=10594 tx=11712
[PORT] dpid=1 port=4294967294 rx=387 tx=0
[PORT] dpid=1 port=3 rx=75118 tx=66175
[FLOW] dpid=2 prio=10 pkts=15512 bytes=1024141
[FLOW] dpid=2 prio=50 pkts=18541 bytes=48260512
[FLOW] dpid=2 prio=10 pkts=40885 bytes=2987865
[FLOW] dpid=2 prio=50 pkts=44260 bytes=116573638
[FLOW] dpid=2 prio=1 pkts=72 bytes=3024
[FLOW] dpid=2 prio=0 pkts=316 bytes=25321
[PORT] dpid=2 port=2 rx=42 tx=328
[PORT] dpid=2 port=1 rx=63145 tx=56487
[PORT] dpid=2 port=4294967294 rx=272 tx=0
[PORT] dpid=2 port=3 rx=56449 tx=63161
[FLOW] dpid=5 prio=10 pkts=15512 bytes=1024141
[FLOW] dpid=5 prio=50 pkts=18906 bytes=49151954
[FLOW] dpid=5 prio=10 pkts=40885 bytes=2987865
[FLOW] dpid=5 prio=50 pkts=48120 bytes=127081689
[FLOW] dpid=5 prio=10 pkts=12495 bytes=815871
[FLOW] dpid=5 prio=100 pkts=13973 bytes=38153822
[FLOW] dpid=5 prio=1 pkts=72 bytes=3024
[FLOW] dpid=5 prio=0 pkts=345 bytes=26383
[PORT] dpid=5 port=2 rx=18949 tx=15873
[PORT] dpid=5 port=5 rx=45 tx=358
[PORT] dpid=5 port=4 rx=14089 tx=12918
[PORT] dpid=5 port=1 rx=69311 tx=78893
[PORT] dpid=5 port=4294967294 rx=538 tx=0
[PORT] dpid=5 port=3 rx=48176 tx=41253
[FLOW] dpid=6 prio=10 pkts=88 bytes=7230
[FLOW] dpid=6 prio=10 pkts=4935 bytes=7223537
[FLOW] dpid=6 prio=1 pkts=72 bytes=3024
[FLOW] dpid=6 prio=0 pkts=332 bytes=25006
[PORT] dpid=6 port=1 rx=450 tx=5066
[PORT] dpid=6 port=2 rx=44 tx=365
[PORT] dpid=6 port=4 rx=4994 tx=450
[PORT] dpid=6 port=4294967294 rx=410 tx=0
[PORT] dpid=6 port=3 rx=44 tx=363
[FLOW] dpid=3 prio=10 pkts=88 bytes=7230
[FLOW] dpid=3 prio=10 pkts=4935 bytes=7223537
[FLOW] dpid=3 prio=1 pkts=144 bytes=6048
[FLOW] dpid=3 prio=0 pkts=539 bytes=40667
[PORT] dpid=3 port=1 rx=328 tx=42
[PORT] dpid=3 port=2 rx=400 tx=5118
[PORT] dpid=3 port=4294967294 rx=140 tx=0
[PORT] dpid=3 port=3 rx=5066 tx=450
[FLOW] dpid=1 prio=400 pkts=3835 bytes=8067633
[FLOW] dpid=1 prio=400 pkts=10075 bytes=25339605
[FLOW] dpid=1 prio=10 pkts=15512 bytes=1024141
[FLOW] dpid=1 prio=10 pkts=40885 bytes=2987865
[FLOW] dpid=1 prio=10 pkts=12495 bytes=815871
[FLOW] dpid=1 prio=100 pkts=13811 bytes=37783270
[FLOW] dpid=1 prio=1 pkts=72 bytes=3024
[FLOW] dpid=1 prio=0 pkts=236 bytes=23858
[PORT] dpid=1 port=1 rx=56487 tx=63145
[PORT] dpid=1 port=2 rx=12744 tx=14182
[PORT] dpid=1 port=4294967294 rx=402 tx=0
[PORT] dpid=1 port=3 rx=78893 tx=69311
[FLOW] dpid=4 prio=100 pkts=13810 bytes=37780308
[FLOW] dpid=4 prio=10 pkts=88 bytes=7230
[FLOW] dpid=4 prio=10 pkts=4935 bytes=7223537
[FLOW] dpid=4 prio=10 pkts=12496 bytes=815937
[FLOW] dpid=4 prio=1 pkts=72 bytes=3024
[FLOW] dpid=4 prio=0 pkts=347 bytes=27920
[PORT] dpid=4 port=1 rx=5118 tx=400
[PORT] dpid=4 port=2 rx=14182 tx=12744
[PORT] dpid=4 port=4294967294 rx=270 tx=0
[PORT] dpid=4 port=3 rx=12688 tx=19192
[FLOW] dpid=2 prio=10 pkts=15557 bytes=1027627
[FLOW] dpid=2 prio=50 pkts=18590 bytes=48334937
[FLOW] dpid=2 prio=10 pkts=42372 bytes=3098235
[FLOW] dpid=2 prio=50 pkts=45867 bytes=120723964
[FLOW] dpid=2 prio=1 pkts=72 bytes=3024
[FLOW] dpid=2 prio=0 pkts=325 bytes=25861
[PORT] dpid=2 port=2 rx=42 tx=337
[PORT] dpid=2 port=1 rx=64853 tx=58042
[PORT] dpid=2 port=4294967294 rx=282 tx=0
[PORT] dpid=2 port=3 rx=58006 tx=64870
[FLOW] dpid=3 prio=10 pkts=94 bytes=7955
[FLOW] dpid=3 prio=10 pkts=5284 bytes=7733890
[FLOW] dpid=3 prio=1 pkts=144 bytes=6048
[FLOW] dpid=3 prio=0 pkts=557 bytes=41747
[PORT] dpid=3 port=1 rx=337 tx=42
[PORT] dpid=3 port=2 rx=412 tx=5454
[PORT] dpid=3 port=4294967294 rx=145 tx=0
[PORT] dpid=3 port=3 rx=5402 tx=462
[FLOW] dpid=6 prio=10 pkts=94 bytes=7955
[FLOW] dpid=6 prio=10 pkts=5284 bytes=7733890
[FLOW] dpid=6 prio=1 pkts=72 bytes=3024
[FLOW] dpid=6 prio=0 pkts=340 bytes=25476
[PORT] dpid=6 port=1 rx=462 tx=5402
[PORT] dpid=6 port=2 rx=45 tx=372
[PORT] dpid=6 port=4 rx=5327 tx=465
[PORT] dpid=6 port=4294967294 rx=425 tx=0
[PORT] dpid=6 port=3 rx=45 tx=371
[FLOW] dpid=4 prio=100 pkts=15713 bytes=42989692
[FLOW] dpid=4 prio=10 pkts=94 bytes=7955
[FLOW] dpid=4 prio=10 pkts=5284 bytes=7733890
[FLOW] dpid=4 prio=10 pkts=14246 bytes=929564
[FLOW] dpid=4 prio=1 pkts=72 bytes=3024
[FLOW] dpid=4 prio=0 pkts=356 bytes=28460
[PORT] dpid=4 port=1 rx=5454 tx=412
[PORT] dpid=4 port=2 rx=16018 tx=14435
[PORT] dpid=4 port=4294967294 rx=280 tx=0
[PORT] dpid=4 port=3 rx=14381 tx=21364
[FLOW] dpid=1 prio=400 pkts=3906 bytes=8189846
[FLOW] dpid=1 prio=400 pkts=12177 bytes=31096577
[FLOW] dpid=1 prio=10 pkts=15557 bytes=1027627
[FLOW] dpid=1 prio=10 pkts=42372 bytes=3098235
[FLOW] dpid=1 prio=10 pkts=14246 bytes=929564
[FLOW] dpid=1 prio=100 pkts=15713 bytes=42989692
[FLOW] dpid=1 prio=1 pkts=72 bytes=3024
[FLOW] dpid=1 prio=0 pkts=240 bytes=24138
[PORT] dpid=1 port=1 rx=58042 tx=64853
[PORT] dpid=1 port=2 rx=14435 tx=16018
[PORT] dpid=1 port=4294967294 rx=417 tx=0
[PORT] dpid=1 port=3 rx=82949 tx=72562
[FLOW] dpid=5 prio=10 pkts=15557 bytes=1027627
[FLOW] dpid=5 prio=50 pkts=18977 bytes=49274167
[FLOW] dpid=5 prio=10 pkts=42371 bytes=3098157
[FLOW] dpid=5 prio=50 pkts=50208 bytes=132798641
[FLOW] dpid=5 prio=10 pkts=14246 bytes=929564
[FLOW] dpid=5 prio=100 pkts=15742 bytes=42992362
[FLOW] dpid=5 prio=1 pkts=72 bytes=3024
[FLOW] dpid=5 prio=0 pkts=354 bytes=26923
[PORT] dpid=5 port=2 rx=19047 tx=15941
[PORT] dpid=5 port=5 rx=45 tx=367
[PORT] dpid=5 port=4 rx=15785 tx=14615
[PORT] dpid=5 port=1 rx=72562 tx=82949
[PORT] dpid=5 port=4294967294 rx=558 tx=0
[PORT] dpid=5 port=3 rx=50288 tx=42757
[FLOW] dpid=2 prio=10 pkts=16659 bytes=1104358
[FLOW] dpid=2 prio=50 pkts=20194 bytes=51548548
[FLOW] dpid=2 prio=10 pkts=42967 bytes=3139775
[FLOW] dpid=2 prio=50 pkts=46789 bytes=122398209
[FLOW] dpid=2 prio=1 pkts=72 bytes=3024
[FLOW] dpid=2 prio=0 pkts=330 bytes=26121
[PORT] dpid=2 port=2 rx=42 tx=342
[PORT] dpid=2 port=1 rx=67331 tx=59706
[PORT] dpid=2 port=4294967294 rx=292 tx=0
[PORT] dpid=2 port=3 rx=59668 tx=67348
[FLOW] dpid=3 prio=10 pkts=94 bytes=7955
[FLOW] dpid=3 prio=10 pkts=5284 bytes=7733890
[FLOW] dpid=3 prio=1 pkts=144 bytes=6048
[FLOW] dpid=3 prio=0 pkts=567 bytes=42267
[PORT] dpid=3 port=1 rx=342 tx=42
[PORT] dpid=3 port=2 rx=417 tx=5454
[PORT] dpid=3 port=4294967294 rx=150 tx=0
[PORT] dpid=3 port=3 rx=5402 tx=467
[FLOW] dpid=1 prio=400 pkts=5686 bytes=11803137
[FLOW] dpid=1 prio=400 pkts=13214 bytes=33017332
[FLOW] dpid=1 prio=10 pkts=16659 bytes=1104358
[FLOW] dpid=1 prio=10 pkts=42967 bytes=3139775
[FLOW] dpid=1 prio=10 pkts=14246 bytes=929564
[FLOW] dpid=1 prio=100 pkts=15713 bytes=42989692
[FLOW] dpid=1 prio=1 pkts=72 bytes=3024
[FLOW] dpid=1 prio=0 pkts=240 bytes=24138
[PORT] dpid=1 port=1 rx=59706 tx=67331
[PORT] dpid=1 port=2 rx=14435 tx=16023
[PORT] dpid=1 port=4294967294 rx=432 tx=0
[PORT] dpid=1 port=3 rx=85703 tx=74231
[FLOW] dpid=6 prio=10 pkts=94 bytes=7955
[FLOW] dpid=6 prio=10 pkts=5284 bytes=7733890
[FLOW] dpid=6 prio=1 pkts=72 bytes=3024
[FLOW] dpid=6 prio=0 pkts=345 bytes=25736
[PORT] dpid=6 port=1 rx=467 tx=5402
[PORT] dpid=6 port=2 rx=45 tx=377
[PORT] dpid=6 port=4 rx=5327 tx=470
[PORT] dpid=6 port=4294967294 rx=440 tx=0
[PORT] dpid=6 port=3 rx=45 tx=376
[FLOW] dpid=5 prio=10 pkts=16659 bytes=1104358
[FLOW] dpid=5 prio=50 pkts=20757 bytes=52887458
[FLOW] dpid=5 prio=10 pkts=42967 bytes=3139775
[FLOW] dpid=5 prio=50 pkts=51245 bytes=134719396
[FLOW] dpid=5 prio=10 pkts=14246 bytes=929564
[FLOW] dpid=5 prio=100 pkts=15742 bytes=42992362
[FLOW] dpid=5 prio=1 pkts=72 bytes=3024
[FLOW] dpid=5 prio=0 pkts=359 bytes=27183
[PORT] dpid=5 port=2 rx=20800 tx=17034
[PORT] dpid=5 port=5 rx=45 tx=373
[PORT] dpid=5 port=4 rx=15785 tx=14620
[PORT] dpid=5 port=1 rx=74231 tx=85703
[PORT] dpid=5 port=4294967294 rx=578 tx=0
[PORT] dpid=5 port=3 rx=51289 tx=43338
[FLOW] dpid=4 prio=100 pkts=15713 bytes=42989692
[FLOW] dpid=4 prio=10 pkts=94 bytes=7955
[FLOW] dpid=4 prio=10 pkts=5284 bytes=7733890
[FLOW] dpid=4 prio=10 pkts=14246 bytes=929564
[FLOW] dpid=4 prio=1 pkts=72 bytes=3024
[FLOW] dpid=4 prio=0 pkts=361 bytes=28720
[PORT] dpid=4 port=1 rx=5454 tx=417
[PORT] dpid=4 port=2 rx=16023 tx=14435
[PORT] dpid=4 port=4294967294 rx=290 tx=0
[PORT] dpid=4 port=3 rx=14381 tx=21369
[FLOW] dpid=2 prio=10 pkts=16659 bytes=1104358
[FLOW] dpid=2 prio=50 pkts=20194 bytes=51548548
[FLOW] dpid=2 prio=10 pkts=43561 bytes=3180655
[FLOW] dpid=2 prio=50 pkts=47528 bytes=124256022
[FLOW] dpid=2 prio=1 pkts=72 bytes=3024
[FLOW] dpid=2 prio=0 pkts=336 bytes=26451
[PORT] dpid=2 port=2 rx=42 tx=348
[PORT] dpid=2 port=1 rx=68085 tx=60309
[PORT] dpid=2 port=4294967294 rx=302 tx=0
[PORT] dpid=2 port=3 rx=60271 tx=68102
[FLOW] dpid=6 prio=10 pkts=102 bytes=8475
[FLOW] dpid=6 prio=10 pkts=5365 bytes=7843431
[FLOW] dpid=6 prio=1 pkts=72 bytes=3024
[FLOW] dpid=6 prio=0 pkts=352 bytes=26136
[PORT] dpid=6 port=1 rx=481 tx=5490
[PORT] dpid=6 port=2 rx=45 tx=384
[PORT] dpid=6 port=4 rx=5415 tx=484
[PORT] dpid=6 port=4294967294 rx=455 tx=0
[PORT] dpid=6 port=3 rx=45 tx=383
[FLOW] dpid=4 prio=100 pkts=15944 bytes=43681217
[FLOW] dpid=4 prio=10 pkts=102 bytes=8475
[FLOW] dpid=4 prio=10 pkts=5365 bytes=7843431
[FLOW] dpid=4 prio=10 pkts=14467 bytes=944170
[FLOW] dpid=4 prio=1 pkts=72 bytes=3024
[FLOW] dpid=4 prio=0 pkts=367 bytes=29050
[PORT] dpid=4 port=1 rx=5542 tx=431
[PORT] dpid=4 port=2 rx=16280 tx=14673
[PORT] dpid=4 port=4294967294 rx=300 tx=0
[PORT] dpid=4 port=3 rx=14627 tx=21714
[FLOW] dpid=5 prio=10 pkts=16659 bytes=1104358
[FLOW] dpid=5 prio=50 pkts=20757 bytes=52887458
[FLOW] dpid=5 prio=10 pkts=43561 bytes=3180655
[FLOW] dpid=5 prio=50 pkts=52020 bytes=136678049
[FLOW] dpid=5 prio=10 pkts=14466 bytes=944104
[FLOW] dpid=5 prio=100 pkts=16019 bytes=43810003
[FLOW] dpid=5 prio=1 pkts=72 bytes=3024
[FLOW] dpid=5 prio=0 pkts=365 bytes=27513
[PORT] dpid=5 port=2 rx=20800 tx=17040
[PORT] dpid=5 port=5 rx=45 tx=379
[PORT] dpid=5 port=4 rx=16083 tx=14863
[PORT] dpid=5 port=1 rx=75077 tx=86718
[PORT] dpid=5 port=4294967294 rx=598 tx=0
[PORT] dpid=5 port=3 rx=52073 tx=43947
[FLOW] dpid=3 prio=300 pkts=0 bytes=0
[FLOW] dpid=3 prio=300 pkts=0 bytes=0
[FLOW] dpid=3 prio=300 pkts=81 bytes=109541
[FLOW] dpid=3 prio=10 pkts=102 bytes=8475
[FLOW] dpid=3 prio=10 pkts=5284 bytes=7733890
[FLOW] dpid=3 prio=1 pkts=144 bytes=6048
[FLOW] dpid=3 prio=0 pkts=580 bytes=42997
[PORT] dpid=3 port=1 rx=348 tx=42
[PORT] dpid=3 port=2 rx=431 tx=5542
[PORT] dpid=3 port=4294967294 rx=155 tx=0
[PORT] dpid=3 port=3 rx=5490 tx=481
[FLOW] dpid=1 prio=500 pkts=231 bytes=691525
[FLOW] dpid=1 prio=500 pkts=0 bytes=0
[FLOW] dpid=1 prio=400 pkts=0 bytes=0
[FLOW] dpid=1 prio=400 pkts=754 bytes=1897899
[FLOW] dpid=1 prio=300 pkts=0 bytes=0
[FLOW] dpid=1 prio=300 pkts=0 bytes=0
[FLOW] dpid=1 prio=300 pkts=0 bytes=0
[FLOW] dpid=1 prio=10 pkts=16659 bytes=1104358
[FLOW] dpid=1 prio=10 pkts=43561 bytes=3180655
[FLOW] dpid=1 prio=10 pkts=14466 bytes=944104
[FLOW] dpid=1 prio=100 pkts=15713 bytes=42989692
[FLOW] dpid=1 prio=1 pkts=72 bytes=3024
[FLOW] dpid=1 prio=0 pkts=241 bytes=24208
[PORT] dpid=1 port=1 rx=60309 tx=68085
[PORT] dpid=1 port=2 rx=14673 tx=16280
[PORT] dpid=1 port=4294967294 rx=447 tx=0
[PORT] dpid=1 port=3 rx=86718 tx=75077
[FLOW] dpid=2 prio=10 pkts=16659 bytes=1104358
[FLOW] dpid=2 prio=50 pkts=20194 bytes=51548548
[FLOW] dpid=2 prio=10 pkts=44801 bytes=3266327
[FLOW] dpid=2 prio=50 pkts=48913 bytes=128109336
[FLOW] dpid=2 prio=1 pkts=72 bytes=3024
[FLOW] dpid=2 prio=0 pkts=342 bytes=26781
[PORT] dpid=2 port=2 rx=43 tx=353
[PORT] dpid=2 port=1 rx=69476 tx=61550
[PORT] dpid=2 port=4294967294 rx=312 tx=0
[PORT] dpid=2 port=3 rx=61511 tx=69494
[FLOW] dpid=1 prio=500 pkts=3254 bytes=8991155
[FLOW] dpid=1 prio=500 pkts=0 bytes=0
[FLOW] dpid=1 prio=400 pkts=0 bytes=0
[FLOW] dpid=1 prio=400 pkts=2175 bytes=5857845
[FLOW] dpid=1 prio=300 pkts=0 bytes=0
[FLOW] dpid=1 prio=300 pkts=0 bytes=0
[FLOW] dpid=1 prio=300 pkts=0 bytes=0
[FLOW] dpid=1 prio=10 pkts=16659 bytes=1104358
[FLOW] dpid=1 prio=10 pkts=44800 bytes=3266233
[FLOW] dpid=1 prio=10 pkts=17128 bytes=1119772
[FLOW] dpid=1 prio=100 pkts=15714 bytes=42989734
[FLOW] dpid=1 prio=1 pkts=72 bytes=3024
[FLOW] dpid=1 prio=0 pkts=242 bytes=24278
[PORT] dpid=1 port=1 rx=61550 tx=69476
[PORT] dpid=1 port=2 rx=17337 tx=19310
[PORT] dpid=1 port=4294967294 rx=462 tx=0
[PORT] dpid=1 port=3 rx=91162 tx=78987
[FLOW] dpid=6 prio=10 pkts=110 bytes=9287
[FLOW] dpid=6 prio=10 pkts=6165 bytes=9022877
[FLOW] dpid=6 prio=1 pkts=72 bytes=3024
[FLOW] dpid=6 prio=0 pkts=360 bytes=26606
[PORT] dpid=6 port=1 rx=497 tx=6284
[PORT] dpid=6 port=2 rx=45 tx=392
[PORT] dpid=6 port=4 rx=6209 tx=500
[PORT] dpid=6 port=4294967294 rx=470 tx=0
[PORT] dpid=6 port=3 rx=45 tx=391
[FLOW] dpid=5 prio=10 pkts=16659 bytes=1104358
[FLOW] dpid=5 prio=50 pkts=20757 bytes=52887458
[FLOW] dpid=5 prio=10 pkts=44800 bytes=3266233
[FLOW] dpid=5 prio=50 pkts=53558 bytes=140865813
[FLOW] dpid=5 prio=10 pkts=17128 bytes=1119772
[FLOW] dpid=5 prio=100 pkts=19257 bytes=52675490
[FLOW] dpid=5 prio=1 pkts=72 bytes=3024
[FLOW] dpid=5 prio=0 pkts=371 bytes=27843
[PORT] dpid=5 port=2 rx=20800 tx=17046
[PORT] dpid=5 port=5 rx=45 tx=385
[PORT] dpid=5 port=4 rx=19308 tx=17533
[PORT] dpid=5 port=1 rx=78987 tx=91163
[PORT] dpid=5 port=4294967294 rx=618 tx=0
[PORT] dpid=5 port=3 rx=53613 tx=45193
[FLOW] dpid=4 prio=100 pkts=18968 bytes=51980889
[FLOW] dpid=4 prio=10 pkts=110 bytes=9287
[FLOW] dpid=4 prio=10 pkts=6165 bytes=9022877
[FLOW] dpid=4 prio=10 pkts=17129 bytes=1119838
[FLOW] dpid=4 prio=1 pkts=72 bytes=3024
[FLOW] dpid=4 prio=0 pkts=374 bytes=29450
[PORT] dpid=4 port=1 rx=6336 tx=446
[PORT] dpid=4 port=2 rx=19310 tx=17337
[PORT] dpid=4 port=4294967294 rx=310 tx=0
[PORT] dpid=4 port=3 rx=17299 tx=25538
[FLOW] dpid=3 prio=300 pkts=0 bytes=0
[FLOW] dpid=3 prio=300 pkts=0 bytes=0
[FLOW] dpid=3 prio=300 pkts=879 bytes=1288903
[FLOW] dpid=3 prio=10 pkts=110 bytes=9287
[FLOW] dpid=3 prio=10 pkts=5286 bytes=7733974
[FLOW] dpid=3 prio=1 pkts=144 bytes=6048
[FLOW] dpid=3 prio=0 pkts=592 bytes=43657
[PORT] dpid=3 port=1 rx=353 tx=43
[PORT] dpid=3 port=2 rx=446 tx=6336
[PORT] dpid=3 port=4294967294 rx=160 tx=0
[PORT] dpid=3 port=3 rx=6284 tx=497
[FLOW] dpid=2 prio=10 pkts=16949 bytes=1123806
[FLOW] dpid=2 prio=50 pkts=20521 bytes=52404417
[FLOW] dpid=2 prio=10 pkts=46610 bytes=3404421
[FLOW] dpid=2 prio=50 pkts=50787 bytes=132151308
[FLOW] dpid=2 prio=1 pkts=72 bytes=3024
[FLOW] dpid=2 prio=0 pkts=347 bytes=27041
[PORT] dpid=2 port=2 rx=43 tx=358
[PORT] dpid=2 port=1 rx=71680 tx=63649
[PORT] dpid=2 port=4294967294 rx=322 tx=0
[PORT] dpid=2 port=3 rx=63611 tx=71698
[FLOW] dpid=6 prio=10 pkts=110 bytes=9287
[FLOW] dpid=6 prio=10 pkts=6165 bytes=9022877
[FLOW] dpid=6 prio=1 pkts=72 bytes=3024
[FLOW] dpid=6 prio=0 pkts=365 bytes=26866
[PORT] dpid=6 port=1 rx=502 tx=6284
[PORT] dpid=6 port=2 rx=45 tx=397
[PORT] dpid=6 port=4 rx=6209 tx=505
[PORT] dpid=6 port=4294967294 rx=485 tx=0
[PORT] dpid=6 port=3 rx=45 tx=396
[FLOW] dpid=1 prio=500 pkts=3552 bytes=9704305
[FLOW] dpid=1 prio=500 pkts=0 bytes=0
[FLOW] dpid=1 prio=400 pkts=346 bytes=909251
[FLOW] dpid=1 prio=400 pkts=4263 bytes=10412053
[FLOW] dpid=1 prio=300 pkts=0 bytes=0
[FLOW] dpid=1 prio=300 pkts=0 bytes=0
[FLOW] dpid=1 prio=300 pkts=0 bytes=0
[FLOW] dpid=1 prio=10 pkts=16949 bytes=1123806
[FLOW] dpid=1 prio=10 pkts=46610 bytes=3404421
[FLOW] dpid=1 prio=10 pkts=17426 bytes=1137332
[FLOW] dpid=1 prio=100 pkts=15714 bytes=42989734
[FLOW] dpid=1 prio=1 pkts=72 bytes=3024
[FLOW] dpid=1 prio=0 pkts=242 bytes=24278
[PORT] dpid=1 port=1 rx=63649 tx=71680
[PORT] dpid=1 port=2 rx=17616 tx=19593
[PORT] dpid=1 port=4294967294 rx=477 tx=0
[PORT] dpid=1 port=3 rx=93875 tx=81370
[FLOW] dpid=4 prio=100 pkts=19266 bytes=52694039
[FLOW] dpid=4 prio=10 pkts=110 bytes=9287
[FLOW] dpid=4 prio=10 pkts=6165 bytes=9022877
[FLOW] dpid=4 prio=10 pkts=17426 bytes=1137332
[FLOW] dpid=4 prio=1 pkts=72 bytes=3024
[FLOW] dpid=4 prio=0 pkts=379 bytes=29710
[PORT] dpid=4 port=1 rx=6336 tx=451
[PORT] dpid=4 port=2 rx=19593 tx=17616
[PORT] dpid=4 port=4294967294 rx=320 tx=0
[PORT] dpid=4 port=3 rx=17577 tx=25821
[FLOW] dpid=3 prio=300 pkts=0 bytes=0
[FLOW] dpid=3 prio=300 pkts=0 bytes=0
[FLOW] dpid=3 prio=300 pkts=879 bytes=1288903
[FLOW] dpid=3 prio=10 pkts=110 bytes=9287
[FLOW] dpid=3 prio=10 pkts=5286 bytes=7733974
[FLOW] dpid=3 prio=1 pkts=144 bytes=6048
[FLOW] dpid=3 prio=0 pkts=602 bytes=44177
[PORT] dpid=3 port=1 rx=358 tx=43
[PORT] dpid=3 port=2 rx=451 tx=6336
[PORT] dpid=3 port=4294967294 rx=165 tx=0
[PORT] dpid=3 port=3 rx=6284 tx=502
[FLOW] dpid=5 prio=10 pkts=16949 bytes=1123806
[FLOW] dpid=5 prio=50 pkts=21103 bytes=53796709
[FLOW] dpid=5 prio=10 pkts=46610 bytes=3404421
[FLOW] dpid=5 prio=50 pkts=55508 bytes=145131449
[FLOW] dpid=5 prio=10 pkts=17426 bytes=1137332
[FLOW] dpid=5 prio=100 pkts=19295 bytes=52696709
[FLOW] dpid=5 prio=1 pkts=72 bytes=3024
[FLOW] dpid=5 prio=0 pkts=376 bytes=28103
[PORT] dpid=5 port=2 rx=21150 tx=17345
[PORT] dpid=5 port=5 rx=45 tx=390
[PORT] dpid=5 port=4 rx=19338 tx=17817
[PORT] dpid=5 port=1 rx=81370 tx=93875
[PORT] dpid=5 port=4294967294 rx=638 tx=0
[PORT] dpid=5 port=3 rx=55558 tx=47003
[FLOW] dpid=2 prio=10 pkts=17800 bytes=1181082
[FLOW] dpid=2 prio=50 pkts=21506 bytes=54934260
[FLOW] dpid=2 prio=10 pkts=46760 bytes=3414424
[FLOW] dpid=2 prio=50 pkts=50953 bytes=132568386
[FLOW] dpid=2 prio=1 pkts=72 bytes=3024
[FLOW] dpid=2 prio=0 pkts=352 bytes=27301
[PORT] dpid=2 port=2 rx=43 tx=363
[PORT] dpid=2 port=1 rx=72828 tx=64641
[PORT] dpid=2 port=4294967294 rx=332 tx=0
[PORT] dpid=2 port=3 rx=64602 tx=72846
[FLOW] dpid=1 prio=500 pkts=3552 bytes=9704305
[FLOW] dpid=1 prio=500 pkts=0 bytes=0
[FLOW] dpid=1 prio=400 pkts=1320 bytes=3409408
[FLOW] dpid=1 prio=400 pkts=4413 bytes=10783187
[FLOW] dpid=1 prio=300 pkts=0 bytes=0
[FLOW] dpid=1 prio=300 pkts=0 bytes=0
[FLOW] dpid=1 prio=300 pkts=0 bytes=0
[FLOW] dpid=1 prio=10 pkts=17800 bytes=1181082
[FLOW] dpid=1 prio=10 pkts=46760 bytes=3414424
[FLOW] dpid=1 prio=10 pkts=17426 bytes=1137332
[FLOW] dpid=1 prio=100 pkts=15714 bytes=42989734
[FLOW] dpid=1 prio=1 pkts=72 bytes=3024
[FLOW] dpid=1 prio=0 pkts=242 bytes=24278
[PORT] dpid=1 port=1 rx=64641 tx=72828
[PORT] dpid=1 port=2 rx=17616 tx=19598
[PORT] dpid=1 port=4294967294 rx=492 tx=0
[PORT] dpid=1 port=3 rx=94989 tx=82367
[FLOW] dpid=4 prio=100 pkts=19266 bytes=52694039
[FLOW] dpid=4 prio=10 pkts=110 bytes=9287
[FLOW] dpid=4 prio=10 pkts=6165 bytes=9022877
[FLOW] dpid=4 prio=10 pkts=17426 bytes=1137332
[FLOW] dpid=4 prio=1 pkts=72 bytes=3024
[FLOW] dpid=4 prio=0 pkts=384 bytes=29970
[PORT] dpid=4 port=1 rx=6336 tx=456
[PORT] dpid=4 port=2 rx=19598 tx=17616
[PORT] dpid=4 port=4294967294 rx=330 tx=0
[PORT] dpid=4 port=3 rx=17577 tx=25826
[FLOW] dpid=5 prio=10 pkts=17800 bytes=1181082
[FLOW] dpid=5 prio=50 pkts=22077 bytes=56296866
[FLOW] dpid=5 prio=10 pkts=46760 bytes=3414424
[FLOW] dpid=5 prio=50 pkts=55658 bytes=145502583
[FLOW] dpid=5 prio=10 pkts=17426 bytes=1137332
[FLOW] dpid=5 prio=100 pkts=19295 bytes=52696709
[FLOW] dpid=5 prio=1 pkts=72 bytes=3024
[FLOW] dpid=5 prio=0 pkts=381 bytes=28363
[PORT] dpid=5 port=2 rx=22120 tx=18197
[PORT] dpid=5 port=5 rx=45 tx=395
[PORT] dpid=5 port=4 rx=19338 tx=17822
[PORT] dpid=5 port=1 rx=82367 tx=94989
[PORT] dpid=5 port=4294967294 rx=658 tx=0
[PORT] dpid=5 port=3 rx=55702 tx=47153
[FLOW] dpid=6 prio=10 pkts=110 bytes=9287
[FLOW] dpid=6 prio=10 pkts=6165 bytes=9022877
[FLOW] dpid=6 prio=1 pkts=72 bytes=3024
[FLOW] dpid=6 prio=0 pkts=370 bytes=27126
[PORT] dpid=6 port=1 rx=507 tx=6284
[PORT] dpid=6 port=2 rx=45 tx=402
[PORT] dpid=6 port=4 rx=6209 tx=510
[PORT] dpid=6 port=4294967294 rx=500 tx=0
[PORT] dpid=6 port=3 rx=45 tx=401
[FLOW] dpid=3 prio=300 pkts=0 bytes=0
[FLOW] dpid=3 prio=300 pkts=0 bytes=0
[FLOW] dpid=3 prio=300 pkts=879 bytes=1288903
[FLOW] dpid=3 prio=10 pkts=110 bytes=9287
[FLOW] dpid=3 prio=10 pkts=5286 bytes=7733974
[FLOW] dpid=3 prio=1 pkts=144 bytes=6048
[FLOW] dpid=3 prio=0 pkts=612 bytes=44697
[PORT] dpid=3 port=1 rx=363 tx=43
[PORT] dpid=3 port=2 rx=456 tx=6336
[PORT] dpid=3 port=4294967294 rx=170 tx=0
[PORT] dpid=3 port=3 rx=6284 tx=507
[FLOW] dpid=4 prio=100 pkts=21159 bytes=57910360
[FLOW] dpid=4 prio=10 pkts=120 bytes=9891
[FLOW] dpid=4 prio=10 pkts=6679 bytes=9774692
[FLOW] dpid=4 prio=10 pkts=19077 bytes=1246294
[FLOW] dpid=4 prio=1 pkts=72 bytes=3024
[FLOW] dpid=4 prio=0 pkts=389 bytes=30230
[PORT] dpid=4 port=1 rx=6853 tx=471
[PORT] dpid=4 port=2 rx=21507 tx=19277
[PORT] dpid=4 port=4294967294 rx=340 tx=0
[PORT] dpid=4 port=3 rx=19248 tx=28252
[FLOW] dpid=5 prio=10 pkts=17800 bytes=1181082
[FLOW] dpid=5 prio=50 pkts=22077 bytes=56296866
[FLOW] dpid=5 prio=10 pkts=47861 bytes=3487990
[FLOW] dpid=5 prio=50 pkts=57013 bytes=149123484
[FLOW] dpid=5 prio=10 pkts=19076 bytes=1246228
[FLOW] dpid=5 prio=100 pkts=21317 bytes=58269064
[FLOW] dpid=5 prio=1 pkts=72 bytes=3024
[FLOW] dpid=5 prio=0 pkts=386 bytes=28623
[PORT] dpid=5 port=2 rx=22120 tx=18202
[PORT] dpid=5 port=5 rx=45 tx=400
[PORT] dpid=5 port=4 rx=21371 tx=19487
[PORT] dpid=5 port=1 rx=85135 tx=98200
[PORT] dpid=5 port=4294967294 rx=678 tx=0
[PORT] dpid=5 port=3 rx=57061 tx=48261
[FLOW] dpid=2 prio=10 pkts=17800 bytes=1181082
[FLOW] dpid=2 prio=50 pkts=21506 bytes=54934260
[FLOW] dpid=2 prio=10 pkts=47861 bytes=3487990
[FLOW] dpid=2 prio=50 pkts=52247 bytes=136018741
[FLOW] dpid=2 prio=1 pkts=72 bytes=3024
[FLOW] dpid=2 prio=0 pkts=357 bytes=27561
[PORT] dpid=2 port=2 rx=43 tx=368
[PORT] dpid=2 port=1 rx=74131 tx=65744
[PORT] dpid=2 port=4294967294 rx=342 tx=0
[PORT] dpid=2 port=3 rx=65706 tx=74149
[FLOW] dpid=6 prio=10 pkts=120 bytes=9891
[FLOW] dpid=6 prio=10 pkts=6680 bytes=9776182
[FLOW] dpid=6 prio=1 pkts=72 bytes=3024
[FLOW] dpid=6 prio=0 pkts=375 bytes=27386
[PORT] dpid=6 port=1 rx=522 tx=6801
[PORT] dpid=6 port=2 rx=45 tx=407
[PORT] dpid=6 port=4 rx=6726 tx=525
[PORT] dpid=6 port=4294967294 rx=515 tx=0
[PORT] dpid=6 port=3 rx=45 tx=406
[FLOW] dpid=1 prio=500 pkts=5444 bytes=14920584
[FLOW] dpid=1 prio=500 pkts=0 bytes=0
[FLOW] dpid=1 prio=400 pkts=1320 bytes=3409408
[FLOW] dpid=1 prio=400 pkts=5717 bytes=14261714
[FLOW] dpid=1 prio=300 pkts=0 bytes=0
[FLOW] dpid=1 prio=300 pkts=0 bytes=0
[FLOW] dpid=1 prio=300 pkts=0 bytes=0
[FLOW] dpid=1 prio=10 pkts=17800 bytes=1181082
[FLOW] dpid=1 prio=10 pkts=47861 bytes=3487990
[FLOW] dpid=1 prio=10 pkts=19076 bytes=1246228
[FLOW] dpid=1 prio=100 pkts=15715 bytes=42989776
[FLOW] dpid=1 prio=1 pkts=72 bytes=3024
[FLOW] dpid=1 prio=0 pkts=242 bytes=24278
[PORT] dpid=1 port=1 rx=65744 tx=74131
[PORT] dpid=1 port=2 rx=19277 tx=21508
[PORT] dpid=1 port=4294967294 rx=507 tx=0
[PORT] dpid=1 port=3 rx=98201 tx=85135
[FLOW] dpid=3 prio=300 pkts=0 bytes=0
[FLOW] dpid=3 prio=300 pkts=0 bytes=0
[FLOW] dpid=3 prio=300 pkts=1391 bytes=2040634
[FLOW] dpid=3 prio=10 pkts=120 bytes=9891
[FLOW] dpid=3 prio=10 pkts=5288 bytes=7734058
[FLOW] dpid=3 prio=1 pkts=144 bytes=6048
[FLOW] dpid=3 prio=0 pkts=622 bytes=45217
[PORT] dpid=3 port=1 rx=368 tx=43
[PORT] dpid=3 port=2 rx=471 tx=6853
[PORT] dpid=3 port=4294967294 rx=175 tx=0
[PORT] dpid=3 port=3 rx=6801 tx=522
[FLOW] dpid=2 prio=10 pkts=17800 bytes=1181082
[FLOW] dpid=2 prio=50 pkts=21506 bytes=54934260
[FLOW] dpid=2 prio=10 pkts=49612 bytes=3624320
[FLOW] dpid=2 prio=50 pkts=54154 bytes=140688427
[FLOW] dpid=2 prio=1 pkts=72 bytes=3024
[FLOW] dpid=2 prio=0 pkts=362 bytes=27821
[PORT] dpid=2 port=2 rx=43 tx=373
[PORT] dpid=2 port=1 rx=76043 tx=67496
[PORT] dpid=2 port=4294967294 rx=352 tx=0
[PORT] dpid=2 port=3 rx=67458 tx=76061
[FLOW] dpid=6 prio=10 pkts=126 bytes=10617
[FLOW] dpid=6 prio=10 pkts=7046 bytes=10311865
[FLOW] dpid=6 prio=1 pkts=72 bytes=3024
[FLOW] dpid=6 prio=0 pkts=380 bytes=27646
[PORT] dpid=6 port=1 rx=533 tx=7165
[PORT] dpid=6 port=2 rx=45 tx=412
[PORT] dpid=6 port=4 rx=7090 tx=536
[PORT] dpid=6 port=4294967294 rx=530 tx=0
[PORT] dpid=6 port=3 rx=45 tx=411
[FLOW] dpid=1 prio=500 pkts=7102 bytes=19407176
[FLOW] dpid=1 prio=500 pkts=0 bytes=0
[FLOW] dpid=1 prio=400 pkts=1321 bytes=3409482
[FLOW] dpid=1 prio=400 pkts=7902 bytes=19643340
[FLOW] dpid=1 prio=300 pkts=0 bytes=0
[FLOW] dpid=1 prio=300 pkts=0 bytes=0
[FLOW] dpid=1 prio=300 pkts=0 bytes=0
[FLOW] dpid=1 prio=10 pkts=17800 bytes=1181082
[FLOW] dpid=1 prio=10 pkts=49611 bytes=3624254
[FLOW] dpid=1 prio=10 pkts=20583 bytes=1343594
[FLOW] dpid=1 prio=100 pkts=15715 bytes=42989776
[FLOW] dpid=1 prio=1 pkts=72 bytes=3024
[FLOW] dpid=1 prio=0 pkts=242 bytes=24278
[PORT] dpid=1 port=1 rx=67496 tx=76043
[PORT] dpid=1 port=2 rx=20773 tx=23159
[PORT] dpid=1 port=4294967294 rx=522 tx=0
[PORT] dpid=1 port=3 rx=102034 tx=88389
[FLOW] dpid=5 prio=10 pkts=17800 bytes=1181082
[FLOW] dpid=5 prio=50 pkts=22078 bytes=56296940
[FLOW] dpid=5 prio=10 pkts=49611 bytes=3624254
[FLOW] dpid=5 prio=50 pkts=59147 bytes=154362736
[FLOW] dpid=5 prio=10 pkts=20583 bytes=1343594
[FLOW] dpid=5 prio=100 pkts=22846 bytes=62399622
[FLOW] dpid=5 prio=1 pkts=72 bytes=3024
[FLOW] dpid=5 prio=0 pkts=391 bytes=28883
[PORT] dpid=5 port=2 rx=22121 tx=18207
[PORT] dpid=5 port=5 rx=45 tx=405
[PORT] dpid=5 port=4 rx=22889 tx=20989
[PORT] dpid=5 port=1 rx=88389 tx=102034
[PORT] dpid=5 port=4294967294 rx=698 tx=0
[PORT] dpid=5 port=3 rx=59195 tx=50018
[FLOW] dpid=4 prio=100 pkts=22817 bytes=62396952
[FLOW] dpid=4 prio=10 pkts=126 bytes=10617
[FLOW] dpid=4 prio=10 pkts=7046 bytes=10311865
[FLOW] dpid=4 prio=10 pkts=20583 bytes=1343594
[FLOW] dpid=4 prio=1 pkts=72 bytes=3024
[FLOW] dpid=4 prio=0 pkts=394 bytes=30490
[PORT] dpid=4 port=1 rx=7217 tx=482
[PORT] dpid=4 port=2 rx=23159 tx=20773
[PORT] dpid=4 port=4294967294 rx=350 tx=0
[PORT] dpid=4 port=3 rx=20750 tx=30268
[FLOW] dpid=3 prio=300 pkts=0 bytes=0
[FLOW] dpid=3 prio=300 pkts=0 bytes=0
[FLOW] dpid=3 prio=300 pkts=1758 bytes=2577807
[FLOW] dpid=3 prio=10 pkts=126 bytes=10617
[FLOW] dpid=3 prio=10 pkts=5288 bytes=7734058
[FLOW] dpid=3 prio=1 pkts=144 bytes=6048
[FLOW] dpid=3 prio=0 pkts=632 bytes=45737
[PORT] dpid=3 port=1 rx=373 tx=43
[PORT] dpid=3 port=2 rx=482 tx=7217
[PORT] dpid=3 port=4294967294 rx=180 tx=0
[PORT] dpid=3 port=3 rx=7165 tx=533
[FLOW] dpid=2 prio=10 pkts=18631 bytes=1237796
[FLOW] dpid=2 prio=50 pkts=22498 bytes=57477499
[FLOW] dpid=2 prio=10 pkts=50371 bytes=3674736
[FLOW] dpid=2 prio=50 pkts=55040 bytes=143052463
[FLOW] dpid=2 prio=1 pkts=72 bytes=3024
[FLOW] dpid=2 prio=0 pkts=367 bytes=28081
[PORT] dpid=2 port=2 rx=43 tx=378
[PORT] dpid=2 port=1 rx=77927 tx=69088
[PORT] dpid=2 port=4294967294 rx=362 tx=0
[PORT] dpid=2 port=3 rx=69050 tx=77945
[FLOW] dpid=6 prio=10 pkts=126 bytes=10617
[FLOW] dpid=6 prio=10 pkts=7046 bytes=10311865
[FLOW] dpid=6 prio=1 pkts=72 bytes=3024
[FLOW] dpid=6 prio=0 pkts=385 bytes=27906
[PORT] dpid=6 port=1 rx=538 tx=7165
[PORT] dpid=6 port=2 rx=45 tx=417
[PORT] dpid=6 port=4 rx=7090 tx=541
[PORT] dpid=6 port=4294967294 rx=545 tx=0
[PORT] dpid=6 port=3 rx=45 tx=416
[FLOW] dpid=1 prio=500 pkts=7102 bytes=19407176
[FLOW] dpid=1 prio=500 pkts=0 bytes=0
[FLOW] dpid=1 prio=400 pkts=2363 bytes=6066061
[FLOW] dpid=1 prio=400 pkts=8764 bytes=21940632
[FLOW] dpid=1 prio=300 pkts=0 bytes=0
[FLOW] dpid=1 prio=300 pkts=0 bytes=0
[FLOW] dpid=1 prio=300 pkts=0 bytes=0
[FLOW] dpid=1 prio=10 pkts=18631 bytes=1237796
[FLOW] dpid=1 prio=10 pkts=50371 bytes=3674736
[FLOW] dpid=1 prio=10 pkts=20583 bytes=1343594
[FLOW] dpid=1 prio=100 pkts=15715 bytes=42989776
[FLOW] dpid=1 prio=1 pkts=72 bytes=3024
[FLOW] dpid=1 prio=0 pkts=242 bytes=24278
[PORT] dpid=1 port=1 rx=69088 tx=77927
[PORT] dpid=1 port=2 rx=20773 tx=23164
[PORT] dpid=1 port=4294967294 rx=537 tx=0
[PORT] dpid=1 port=3 rx=103939 tx=89986
[FLOW] dpid=3 prio=300 pkts=0 bytes=0
[FLOW] dpid=3 prio=300 pkts=0 bytes=0
[FLOW] dpid=3 prio=300 pkts=1758 bytes=2577807
[FLOW] dpid=3 prio=10 pkts=126 bytes=10617
[FLOW] dpid=3 prio=10 pkts=5288 bytes=7734058
[FLOW] dpid=3 prio=1 pkts=144 bytes=6048
[FLOW] dpid=3 prio=0 pkts=642 bytes=46257
[PORT] dpid=3 port=1 rx=378 tx=43
[PORT] dpid=3 port=2 rx=487 tx=7217
[PORT] dpid=3 port=4294967294 rx=185 tx=0
[PORT] dpid=3 port=3 rx=7165 tx=538
[FLOW] dpid=5 prio=10 pkts=18630 bytes=1237730
[FLOW] dpid=5 prio=50 pkts=23120 bytes=58953519
[FLOW] dpid=5 prio=10 pkts=50371 bytes=3674736
[FLOW] dpid=5 prio=50 pkts=60009 bytes=156660028
[FLOW] dpid=5 prio=10 pkts=20583 bytes=1343594
[FLOW] dpid=5 prio=100 pkts=22846 bytes=62399622
[FLOW] dpid=5 prio=1 pkts=72 bytes=3024
[FLOW] dpid=5 prio=0 pkts=396 bytes=29143
[PORT] dpid=5 port=2 rx=23168 tx=19047
[PORT] dpid=5 port=5 rx=45 tx=410
[PORT] dpid=5 port=4 rx=22889 tx=20994
[PORT] dpid=5 port=1 rx=89986 tx=103939
[PORT] dpid=5 port=4294967294 rx=718 tx=0
[PORT] dpid=5 port=3 rx=60053 tx=50779
[FLOW] dpid=4 prio=100 pkts=22817 bytes=62396952
[FLOW] dpid=4 prio=10 pkts=126 bytes=10617
[FLOW] dpid=4 prio=10 pkts=7046 bytes=10311865
[FLOW] dpid=4 prio=10 pkts=20583 bytes=1343594
[FLOW] dpid=4 prio=1 pkts=72 bytes=3024
[FLOW] dpid=4 prio=0 pkts=399 bytes=30750
[PORT] dpid=4 port=1 rx=7217 tx=487
[PORT] dpid=4 port=2 rx=23164 tx=20773
[PORT] dpid=4 port=4294967294 rx=360 tx=0
[PORT] dpid=4 port=3 rx=20750 tx=30273
[FLOW] dpid=2 prio=10 pkts=18884 bytes=1254275
[FLOW] dpid=2 prio=50 pkts=22753 bytes=58024632
[FLOW] dpid=2 prio=10 pkts=50975 bytes=3715644
[FLOW] dpid=2 prio=50 pkts=55717 bytes=144853368
[FLOW] dpid=2 prio=1 pkts=72 bytes=3024
[FLOW] dpid=2 prio=0 pkts=372 bytes=28341
[PORT] dpid=2 port=2 rx=43 tx=383
[PORT] dpid=2 port=1 rx=78859 tx=69940
[PORT] dpid=2 port=4294967294 rx=372 tx=0
[PORT] dpid=2 port=3 rx=69901 tx=78877
[FLOW] dpid=5 prio=10 pkts=18884 bytes=1254275
[FLOW] dpid=5 prio=50 pkts=23334 bytes=59413962
[FLOW] dpid=5 prio=10 pkts=50975 bytes=3715644
[FLOW] dpid=5 prio=50 pkts=60717 bytes=158546963
[FLOW] dpid=5 prio=10 pkts=20760 bytes=1355296
[FLOW] dpid=5 prio=100 pkts=23083 bytes=63113279
[FLOW] dpid=5 prio=1 pkts=72 bytes=3024
[FLOW] dpid=5 prio=0 pkts=401 bytes=29403
[PORT] dpid=5 port=2 rx=23377 tx=19301
[PORT] dpid=5 port=5 rx=45 tx=415
[PORT] dpid=5 port=4 rx=23129 tx=21178
[PORT] dpid=5 port=1 rx=91023 tx=105030
[PORT] dpid=5 port=4294967294 rx=738 tx=0
[PORT] dpid=5 port=3 rx=60763 tx=51388
[FLOW] dpid=6 prio=10 pkts=134 bytes=11137
[FLOW] dpid=6 prio=10 pkts=7116 bytes=10405016
[FLOW] dpid=6 prio=1 pkts=72 bytes=3024
[FLOW] dpid=6 prio=0 pkts=390 bytes=28166
[PORT] dpid=6 port=1 rx=551 tx=7236
[PORT] dpid=6 port=2 rx=45 tx=422
[PORT] dpid=6 port=4 rx=7161 tx=554
[PORT] dpid=6 port=4294967294 rx=560 tx=0
[PORT] dpid=6 port=3 rx=45 tx=421
[FLOW] dpid=4 prio=100 pkts=23010 bytes=62990417
[FLOW] dpid=4 prio=10 pkts=134 bytes=11137
[FLOW] dpid=4 prio=10 pkts=7116 bytes=10405016
[FLOW] dpid=4 prio=10 pkts=20761 bytes=1355362
[FLOW] dpid=4 prio=1 pkts=72 bytes=3024
[FLOW] dpid=4 prio=0 pkts=404 bytes=31010
[PORT] dpid=4 port=1 rx=7288 tx=500
[PORT] dpid=4 port=2 rx=23365 tx=20953
[PORT] dpid=4 port=4294967294 rx=370 tx=0
[PORT] dpid=4 port=3 rx=20939 tx=30545
[FLOW] dpid=3 prio=300 pkts=0 bytes=0
[FLOW] dpid=3 prio=300 pkts=0 bytes=0
[FLOW] dpid=3 prio=300 pkts=1828 bytes=2670958
[FLOW] dpid=3 prio=10 pkts=134 bytes=11137
[FLOW] dpid=3 prio=10 pkts=5288 bytes=7734058
[FLOW] dpid=3 prio=1 pkts=144 bytes=6048
[FLOW] dpid=3 prio=0 pkts=652 bytes=46777
[PORT] dpid=3 port=1 rx=383 tx=43
[PORT] dpid=3 port=2 rx=500 tx=7288
[PORT] dpid=3 port=4294967294 rx=190 tx=0
[PORT] dpid=3 port=3 rx=7236 tx=551
[FLOW] dpid=1 prio=500 pkts=7295 bytes=20000641
[FLOW] dpid=1 prio=500 pkts=0 bytes=0
[FLOW] dpid=1 prio=400 pkts=2577 bytes=6526504
[FLOW] dpid=1 prio=400 pkts=9450 bytes=23768195
[FLOW] dpid=1 prio=300 pkts=0 bytes=0
[FLOW] dpid=1 prio=300 pkts=0 bytes=0
[FLOW] dpid=1 prio=300 pkts=0 bytes=0
[FLOW] dpid=1 prio=10 pkts=18884 bytes=1254275
[FLOW] dpid=1 prio=10 pkts=50975 bytes=3715644
[FLOW] dpid=1 prio=10 pkts=20761 bytes=1355362
[FLOW] dpid=1 prio=100 pkts=15715 bytes=42989776
[FLOW] dpid=1 prio=1 pkts=72 bytes=3024
[FLOW] dpid=1 prio=0 pkts=242 bytes=24278
[PORT] dpid=1 port=1 rx=69940 tx=78859
[PORT] dpid=1 port=2 rx=20953 tx=23365
[PORT] dpid=1 port=4294967294 rx=552 tx=0
[PORT] dpid=1 port=3 rx=105030 tx=91023
[FLOW] dpid=2 prio=10 pkts=18884 bytes=1254275
[FLOW] dpid=2 prio=50 pkts=22753 bytes=58024632
[FLOW] dpid=2 prio=10 pkts=52072 bytes=3788978
[FLOW] dpid=2 prio=50 pkts=57055 bytes=148454524
[FLOW] dpid=2 prio=1 pkts=72 bytes=3024
[FLOW] dpid=2 prio=0 pkts=377 bytes=28601
[PORT] dpid=2 port=2 rx=43 tx=388
[PORT] dpid=2 port=1 rx=80286 tx=71121
[PORT] dpid=2 port=4294967294 rx=382 tx=0
[PORT] dpid=2 port=3 rx=71083 tx=80304
[FLOW] dpid=5 prio=10 pkts=18884 bytes=1254275
[FLOW] dpid=5 prio=50 pkts=23334 bytes=59413962
[FLOW] dpid=5 prio=10 pkts=52072 bytes=3788978
[FLOW] dpid=5 prio=50 pkts=62209 bytes=162565171
[FLOW] dpid=5 prio=10 pkts=23300 bytes=1522912
[FLOW] dpid=5 prio=100 pkts=26152 bytes=71563618
[FLOW] dpid=5 prio=1 pkts=72 bytes=3024
[FLOW] dpid=5 prio=0 pkts=406 bytes=29663
[PORT] dpid=5 port=2 rx=23377 tx=19306
[PORT] dpid=5 port=5 rx=45 tx=420
[PORT] dpid=5 port=4 rx=26345 tx=23824
[PORT] dpid=5 port=1 rx=94849 tx=109504
[PORT] dpid=5 port=4294967294 rx=758 tx=0
[PORT] dpid=5 port=3 rx=62340 tx=52574
[FLOW] dpid=3 prio=300 pkts=0 bytes=0
[FLOW] dpid=3 prio=300 pkts=0 bytes=0
[FLOW] dpid=3 prio=300 pkts=2637 bytes=3866710
[FLOW] dpid=3 prio=10 pkts=142 bytes=11944
[FLOW] dpid=3 prio=10 pkts=5290 bytes=7734142
[FLOW] dpid=3 prio=1 pkts=144 bytes=6048
[FLOW] dpid=3 prio=0 pkts=662 bytes=47297
[PORT] dpid=3 port=1 rx=388 tx=43
[PORT] dpid=3 port=2 rx=513 tx=8098
[PORT] dpid=3 port=4294967294 rx=195 tx=0
[PORT] dpid=3 port=3 rx=8046 tx=564
[FLOW] dpid=6 prio=10 pkts=142 bytes=11944
[FLOW] dpid=6 prio=10 pkts=7927 bytes=11600852
[FLOW] dpid=6 prio=1 pkts=72 bytes=3024
[FLOW] dpid=6 prio=0 pkts=395 bytes=28426
[PORT] dpid=6 port=1 rx=564 tx=8046
[PORT] dpid=6 port=2 rx=45 tx=427
[PORT] dpid=6 port=4 rx=7971 tx=567
[PORT] dpid=6 port=4294967294 rx=575 tx=0
[PORT] dpid=6 port=3 rx=45 tx=426
[FLOW] dpid=4 prio=100 pkts=25900 bytes=70955445
[FLOW] dpid=4 prio=10 pkts=142 bytes=11944
[FLOW] dpid=4 prio=10 pkts=7927 bytes=11600852
[FLOW] dpid=4 prio=10 pkts=23300 bytes=1522912
[FLOW] dpid=4 prio=1 pkts=72 bytes=3024
[FLOW] dpid=4 prio=0 pkts=409 bytes=31270
[PORT] dpid=4 port=1 rx=8098 tx=513
[PORT] dpid=4 port=2 rx=26387 tx=23594
[PORT] dpid=4 port=4294967294 rx=380 tx=0
[PORT] dpid=4 port=3 rx=23589 tx=34376
[FLOW] dpid=1 prio=500 pkts=10184 bytes=27965627
[FLOW] dpid=1 prio=500 pkts=0 bytes=0
[FLOW] dpid=1 prio=400 pkts=2577 bytes=6526504
[FLOW] dpid=1 prio=400 pkts=10816 bytes=27449391
[FLOW] dpid=1 prio=300 pkts=0 bytes=0
[FLOW] dpid=1 prio=300 pkts=0 bytes=0
[FLOW] dpid=1 prio=300 pkts=0 bytes=0
[FLOW] dpid=1 prio=10 pkts=18884 bytes=1254275
[FLOW] dpid=1 prio=10 pkts=52072 bytes=3788978
[FLOW] dpid=1 prio=10 pkts=23300 bytes=1522912
[FLOW] dpid=1 prio=100 pkts=15716 bytes=42989818
[FLOW] dpid=1 prio=1 pkts=72 bytes=3024
[FLOW] dpid=1 prio=0 pkts=242 bytes=24278
[PORT] dpid=1 port=1 rx=71121 tx=80286
[PORT] dpid=1 port=2 rx=23594 tx=26386
[PORT] dpid=1 port=4294967294 rx=567 tx=0
[PORT] dpid=1 port=3 rx=109503 tx=94849
[FLOW] dpid=2 prio=10 pkts=19105 bytes=1269097
[FLOW] dpid=2 prio=50 pkts=22997 bytes=58667959
[FLOW] dpid=2 prio=10 pkts=54089 bytes=3942556
[FLOW] dpid=2 prio=50 pkts=59134 bytes=152711298
[FLOW] dpid=2 prio=1 pkts=72 bytes=3024
[FLOW] dpid=2 prio=0 pkts=382 bytes=28861
[PORT] dpid=2 port=2 rx=43 tx=393
[PORT] dpid=2 port=1 rx=82623 tx=73347
[PORT] dpid=2 port=4294967294 rx=392 tx=0
[PORT] dpid=2 port=3 rx=73308 tx=82641
[FLOW] dpid=3 prio=300 pkts=0 bytes=0
[FLOW] dpid=3 prio=300 pkts=0 bytes=0
[FLOW] dpid=3 prio=300 pkts=2637 bytes=3866710
[FLOW] dpid=3 prio=10 pkts=142 bytes=11944
[FLOW] dpid=3 prio=10 pkts=5290 bytes=7734142
[FLOW] dpid=3 prio=1 pkts=144 bytes=6048
[FLOW] dpid=3 prio=0 pkts=672 bytes=47817
[PORT] dpid=3 port=1 rx=393 tx=43
[PORT] dpid=3 port=2 rx=518 tx=8098
[PORT] dpid=3 port=4294967294 rx=200 tx=0
[PORT] dpid=3 port=3 rx=8046 tx=569
[FLOW] dpid=4 prio=100 pkts=26357 bytes=72100461
[FLOW] dpid=4 prio=10 pkts=142 bytes=11944
[FLOW] dpid=4 prio=10 pkts=7927 bytes=11600852
[FLOW] dpid=4 prio=10 pkts=23734 bytes=1549506
[FLOW] dpid=4 prio=1 pkts=72 bytes=3024
[FLOW] dpid=4 prio=0 pkts=414 bytes=31530
[PORT] dpid=4 port=1 rx=8098 tx=518
[PORT] dpid=4 port=2 rx=26719 tx=23924
[PORT] dpid=4 port=4294967294 rx=390 tx=0
[PORT] dpid=4 port=3 rx=23917 tx=34709
[FLOW] dpid=5 prio=10 pkts=19105 bytes=1269097
[FLOW] dpid=5 prio=50 pkts=23596 bytes=60103365
[FLOW] dpid=5 prio=10 pkts=54089 bytes=3942556
[FLOW] dpid=5 prio=50 pkts=64345 bytes=166912587
[FLOW] dpid=5 prio=10 pkts=23734 bytes=1549506
[FLOW] dpid=5 prio=100 pkts=26386 bytes=72103131
[FLOW] dpid=5 prio=1 pkts=72 bytes=3024
[FLOW] dpid=5 prio=0 pkts=411 bytes=29923
[PORT] dpid=5 port=2 rx=23677 tx=19560
[PORT] dpid=5 port=5 rx=45 tx=425
[PORT] dpid=5 port=4 rx=26429 tx=24160
[PORT] dpid=5 port=1 rx=97411 tx=112379
[PORT] dpid=5 port=4294967294 rx=778 tx=0
[PORT] dpid=5 port=3 rx=64444 tx=54556
[FLOW] dpid=6 prio=10 pkts=142 bytes=11944
[FLOW] dpid=6 prio=10 pkts=7927 bytes=11600852
[FLOW] dpid=6 prio=1 pkts=72 bytes=3024
[FLOW] dpid=6 prio=0 pkts=400 bytes=28686
[PORT] dpid=6 port=1 rx=569 tx=8046
[PORT] dpid=6 port=2 rx=45 tx=432
[PORT] dpid=6 port=4 rx=7971 tx=572
[PORT] dpid=6 port=4294967294 rx=590 tx=0
[PORT] dpid=6 port=3 rx=45 tx=431
[FLOW] dpid=1 prio=500 pkts=10641 bytes=29110643
[FLOW] dpid=1 prio=500 pkts=0 bytes=0
[FLOW] dpid=1 prio=400 pkts=2839 bytes=7215907
[FLOW] dpid=1 prio=400 pkts=13099 bytes=32190229
[FLOW] dpid=1 prio=300 pkts=0 bytes=0
[FLOW] dpid=1 prio=300 pkts=0 bytes=0
[FLOW] dpid=1 prio=300 pkts=0 bytes=0
[FLOW] dpid=1 prio=10 pkts=19105 bytes=1269097
[FLOW] dpid=1 prio=10 pkts=54089 bytes=3942556
[FLOW] dpid=1 prio=10 pkts=23734 bytes=1549506
[FLOW] dpid=1 prio=100 pkts=15716 bytes=42989818
[FLOW] dpid=1 prio=1 pkts=72 bytes=3024
[FLOW] dpid=1 prio=0 pkts=242 bytes=24278
[PORT] dpid=1 port=1 rx=73347 tx=82623
[PORT] dpid=1 port=2 rx=23924 tx=26719
[PORT] dpid=1 port=4294967294 rx=582 tx=0
[PORT] dpid=1 port=3 rx=112379 tx=97411
[FLOW] dpid=2 prio=10 pkts=19997 bytes=1329314
[FLOW] dpid=2 prio=50 pkts=24047 bytes=61291869
[FLOW] dpid=2 prio=10 pkts=54294 bytes=3956143
[FLOW] dpid=2 prio=50 pkts=59397 bytes=153349044
[FLOW] dpid=2 prio=1 pkts=72 bytes=3024
[FLOW] dpid=2 prio=0 pkts=387 bytes=29121
[PORT] dpid=2 port=2 rx=43 tx=398
[PORT] dpid=2 port=1 rx=83848 tx=74372
[PORT] dpid=2 port=4294967294 rx=402 tx=0
[PORT] dpid=2 port=3 rx=74333 tx=83866
[FLOW] dpid=5 prio=10 pkts=19997 bytes=1329314
[FLOW] dpid=5 prio=50 pkts=24636 bytes=62703447
[FLOW] dpid=5 prio=10 pkts=54294 bytes=3956143
[FLOW] dpid=5 prio=50 pkts=64590 bytes=167501361
[FLOW] dpid=5 prio=10 pkts=23734 bytes=1549506
[FLOW] dpid=5 prio=100 pkts=26386 bytes=72103131
[FLOW] dpid=5 prio=1 pkts=72 bytes=3024
[FLOW] dpid=5 prio=0 pkts=416 bytes=30183
[PORT] dpid=5 port=2 rx=24679 tx=20429
[PORT] dpid=5 port=5 rx=45 tx=430
[PORT] dpid=5 port=4 rx=26429 tx=24165
[PORT] dpid=5 port=1 rx=98441 tx=113571
[PORT] dpid=5 port=4294967294 rx=798 tx=0
[PORT] dpid=5 port=3 rx=64634 tx=54722
[FLOW] dpid=3 prio=300 pkts=0 bytes=0
[FLOW] dpid=3 prio=300 pkts=0 bytes=0
[FLOW] dpid=3 prio=300 pkts=2637 bytes=3866710
[FLOW] dpid=3 prio=10 pkts=142 bytes=11944
[FLOW] dpid=3 prio=10 pkts=5290 bytes=7734142
[FLOW] dpid=3 prio=1 pkts=144 bytes=6048
[FLOW] dpid=3 prio=0 pkts=682 bytes=48337
[PORT] dpid=3 port=1 rx=398 tx=43
[PORT] dpid=3 port=2 rx=523 tx=8098
[PORT] dpid=3 port=4294967294 rx=205 tx=0
[PORT] dpid=3 port=3 rx=8046 tx=574
[FLOW] dpid=6 prio=10 pkts=142 bytes=11944
[FLOW] dpid=6 prio=10 pkts=7927 bytes=11600852
[FLOW] dpid=6 prio=1 pkts=72 bytes=3024
[FLOW] dpid=6 prio=0 pkts=405 bytes=28946
[PORT] dpid=6 port=1 rx=574 tx=8046
[PORT] dpid=6 port=2 rx=45 tx=437
[PORT] dpid=6 port=4 rx=7971 tx=577
[PORT] dpid=6 port=4294967294 rx=605 tx=0
[PORT] dpid=6 port=3 rx=45 tx=436
[FLOW] dpid=1 prio=500 pkts=10641 bytes=29110643
[FLOW] dpid=1 prio=500 pkts=0 bytes=0
[FLOW] dpid=1 prio=400 pkts=0 bytes=0
[FLOW] dpid=1 prio=400 pkts=0 bytes=0
[FLOW] dpid=1 prio=300 pkts=0 bytes=0
[FLOW] dpid=1 prio=300 pkts=0 bytes=0
[FLOW] dpid=1 prio=300 pkts=0 bytes=0
[FLOW] dpid=1 prio=10 pkts=19997 bytes=1329314
[FLOW] dpid=1 prio=10 pkts=54294 bytes=3956143
[FLOW] dpid=1 prio=10 pkts=23734 bytes=1549506
[FLOW] dpid=1 prio=100 pkts=15716 bytes=42989818
[FLOW] dpid=1 prio=1 pkts=72 bytes=3024
[FLOW] dpid=1 prio=0 pkts=242 bytes=24278
[PORT] dpid=1 port=1 rx=74372 tx=83848
[PORT] dpid=1 port=2 rx=23924 tx=26724
[PORT] dpid=1 port=4294967294 rx=597 tx=0
[PORT] dpid=1 port=3 rx=113571 tx=98441
[FLOW] dpid=4 prio=100 pkts=26357 bytes=72100461
[FLOW] dpid=4 prio=10 pkts=142 bytes=11944
[FLOW] dpid=4 prio=10 pkts=7927 bytes=11600852
[FLOW] dpid=4 prio=10 pkts=23734 bytes=1549506
[FLOW] dpid=4 prio=1 pkts=72 bytes=3024
[FLOW] dpid=4 prio=0 pkts=419 bytes=31790
[PORT] dpid=4 port=1 rx=8098 tx=523
[PORT] dpid=4 port=2 rx=26724 tx=23924
[PORT] dpid=4 port=4294967294 rx=400 tx=0
[PORT] dpid=4 port=3 rx=23917 tx=34714
[FLOW] dpid=2 prio=10 pkts=19997 bytes=1329314
[FLOW] dpid=2 prio=50 pkts=24047 bytes=61291869
[FLOW] dpid=2 prio=10 pkts=55229 bytes=4018897
[FLOW] dpid=2 prio=50 pkts=60481 bytes=156245435
[FLOW] dpid=2 prio=1 pkts=72 bytes=3024
[FLOW] dpid=2 prio=0 pkts=392 bytes=29381
[PORT] dpid=2 port=2 rx=43 tx=403
[PORT] dpid=2 port=1 rx=84976 tx=75337
[PORT] dpid=2 port=4294967294 rx=412 tx=0
[PORT] dpid=2 port=3 rx=75298 tx=84994
[FLOW] dpid=3 prio=300 pkts=0 bytes=0
[FLOW] dpid=3 prio=300 pkts=3021 bytes=4490141
[FLOW] dpid=3 prio=300 pkts=2641 bytes=3867006
[FLOW] dpid=3 prio=10 pkts=142 bytes=11944
[FLOW] dpid=3 prio=10 pkts=5290 bytes=7734142
[FLOW] dpid=3 prio=10 pkts=9 bytes=530
[FLOW] dpid=3 prio=1 pkts=148 bytes=6216
[FLOW] dpid=3 prio=0 pkts=693 bytes=48931
[PORT] dpid=3 port=1 rx=403 tx=43
[PORT] dpid=3 port=2 rx=539 tx=9343
[PORT] dpid=3 port=4294967294 rx=210 tx=0
[PORT] dpid=3 port=3 rx=11243 tx=590
[FLOW] dpid=1 prio=500 pkts=11896 bytes=32602712
[FLOW] dpid=1 prio=500 pkts=0 bytes=0
[FLOW] dpid=1 prio=400 pkts=0 bytes=0
[FLOW] dpid=1 prio=400 pkts=1093 bytes=2923049
[FLOW] dpid=1 prio=300 pkts=0 bytes=0
[FLOW] dpid=1 prio=300 pkts=0 bytes=0
[FLOW] dpid=1 prio=300 pkts=0 bytes=0
[FLOW] dpid=1 prio=10 pkts=19997 bytes=1329314
[FLOW] dpid=1 prio=10 pkts=55229 bytes=4018897
[FLOW] dpid=1 prio=10 pkts=24842 bytes=1622654
[FLOW] dpid=1 prio=100 pkts=15716 bytes=42989818
[FLOW] dpid=1 prio=1 pkts=72 bytes=3024
[FLOW] dpid=1 prio=0 pkts=242 bytes=24278
[PORT] dpid=1 port=1 rx=75337 tx=84976
[PORT] dpid=1 port=2 rx=25149 tx=28118
[PORT] dpid=1 port=4294967294 rx=612 tx=0
[PORT] dpid=1 port=3 rx=116092 tx=100635
[FLOW] dpid=5 prio=10 pkts=19997 bytes=1329314
[FLOW] dpid=5 prio=50 pkts=24636 bytes=62703447
[FLOW] dpid=5 prio=10 pkts=55229 bytes=4018897
[FLOW] dpid=5 prio=50 pkts=65713 bytes=170503134
[FLOW] dpid=5 prio=10 pkts=24842 bytes=1622654
[FLOW] dpid=5 prio=100 pkts=27738 bytes=75859346
[FLOW] dpid=5 prio=1 pkts=72 bytes=3024
[FLOW] dpid=5 prio=0 pkts=421 bytes=30443
[PORT] dpid=5 port=2 rx=24679 tx=20434
[PORT] dpid=5 port=5 rx=45 tx=435
[PORT] dpid=5 port=4 rx=27922 tx=25394
[PORT] dpid=5 port=1 rx=100635 tx=116092
[PORT] dpid=5 port=4294967294 rx=818 tx=0
[PORT] dpid=5 port=3 rx=65800 tx=55692
[FLOW] dpid=6 prio=10 pkts=142 bytes=11944
[FLOW] dpid=6 prio=10 pkts=7931 bytes=11601148
[FLOW] dpid=6 prio=10 pkts=3025 bytes=4491725
[FLOW] dpid=6 prio=10 pkts=9 bytes=530
[FLOW] dpid=6 prio=1 pkts=72 bytes=3024
[FLOW] dpid=6 prio=0 pkts=412 bytes=29354
[PORT] dpid=6 port=1 rx=590 tx=11243
[PORT] dpid=6 port=2 rx=45 tx=442
[PORT] dpid=6 port=4 rx=7976 tx=582
[PORT] dpid=6 port=4294967294 rx=620 tx=0
[PORT] dpid=6 port=3 rx=3237 tx=452
[FLOW] dpid=4 prio=100 pkts=27612 bytes=75592530
[FLOW] dpid=4 prio=10 pkts=142 bytes=11944
[FLOW] dpid=4 prio=10 pkts=7927 bytes=11600852
[FLOW] dpid=4 prio=10 pkts=24843 bytes=1622720
[FLOW] dpid=4 prio=10 pkts=1180 bytes=1748467
[FLOW] dpid=4 prio=10 pkts=9 bytes=530
[FLOW] dpid=4 prio=1 pkts=72 bytes=3024
[FLOW] dpid=4 prio=0 pkts=426 bytes=32198
[PORT] dpid=4 port=1 rx=9343 tx=539
[PORT] dpid=4 port=2 rx=28118 tx=25149
[PORT] dpid=4 port=4294967294 rx=410 tx=0
[PORT] dpid=4 port=3 rx=25154 tx=37352
[FLOW] dpid=2 prio=10 pkts=19997 bytes=1329314
[FLOW] dpid=2 prio=50 pkts=24047 bytes=61291869
[FLOW] dpid=2 prio=10 pkts=56859 bytes=4145497
[FLOW] dpid=2 prio=50 pkts=62259 bytes=160583703
[FLOW] dpid=2 prio=1 pkts=76 bytes=3192
[FLOW] dpid=2 prio=0 pkts=397 bytes=29641
[PORT] dpid=2 port=2 rx=43 tx=412
[PORT] dpid=2 port=1 rx=86791 tx=76994
[PORT] dpid=2 port=4294967294 rx=422 tx=0
[PORT] dpid=2 port=3 rx=76954 tx=86809
[FLOW] dpid=1 prio=500 pkts=14179 bytes=38794058
[FLOW] dpid=1 prio=500 pkts=0 bytes=0
[FLOW] dpid=1 prio=400 pkts=0 bytes=0
[FLOW] dpid=1 prio=400 pkts=3089 bytes=7769473
[FLOW] dpid=1 prio=300 pkts=0 bytes=0
[FLOW] dpid=1 prio=300 pkts=0 bytes=0
[FLOW] dpid=1 prio=300 pkts=0 bytes=0
[FLOW] dpid=1 prio=10 pkts=19997 bytes=1329314
[FLOW] dpid=1 prio=10 pkts=56859 bytes=4145497
[FLOW] dpid=1 prio=10 pkts=26927 bytes=1757878
[FLOW] dpid=1 prio=100 pkts=15717 bytes=42989860
[FLOW] dpid=1 prio=1 pkts=76 bytes=3192
[FLOW] dpid=1 prio=0 pkts=243 bytes=24348
[PORT] dpid=1 port=1 rx=76994 tx=86791
[PORT] dpid=1 port=2 rx=27122 tx=30275
[PORT] dpid=1 port=4294967294 rx=627 tx=0
[PORT] dpid=1 port=3 rx=120269 tx=104270
[FLOW] dpid=4 prio=100 pkts=29896 bytes=81783918
[FLOW] dpid=4 prio=10 pkts=149 bytes=12366
[FLOW] dpid=4 prio=10 pkts=7932 bytes=11601174
[FLOW] dpid=4 prio=10 pkts=26927 bytes=1757878
[FLOW] dpid=4 prio=10 pkts=2861 bytes=4250261
[FLOW] dpid=4 prio=10 pkts=15 bytes=782
[FLOW] dpid=4 prio=1 pkts=76 bytes=3192
[FLOW] dpid=4 prio=0 pkts=432 bytes=32528
[PORT] dpid=4 port=1 rx=11031 tx=557
[PORT] dpid=4 port=2 rx=30275 tx=27122
[PORT] dpid=4 port=4294967294 rx=420 tx=0
[PORT] dpid=4 port=3 rx=27134 tx=41198
[FLOW] dpid=5 prio=10 pkts=19997 bytes=1329314
[FLOW] dpid=5 prio=50 pkts=24636 bytes=62703447
[FLOW] dpid=5 prio=10 pkts=56858 bytes=4145431
[FLOW] dpid=5 prio=50 pkts=67679 bytes=175270834
[FLOW] dpid=5 prio=10 pkts=26927 bytes=1757878
[FLOW] dpid=5 prio=100 pkts=29925 bytes=81786588
[FLOW] dpid=5 prio=1 pkts=76 bytes=3192
[FLOW] dpid=5 prio=0 pkts=427 bytes=30773
[PORT] dpid=5 port=2 rx=24679 tx=20444
[PORT] dpid=5 port=5 rx=45 tx=445
[PORT] dpid=5 port=4 rx=29969 tx=27374
[PORT] dpid=5 port=1 rx=104270 tx=120269
[PORT] dpid=5 port=4294967294 rx=838 tx=0
[PORT] dpid=5 port=3 rx=67792 tx=57357
[FLOW] dpid=6 prio=10 pkts=149 bytes=12366
[FLOW] dpid=6 prio=10 pkts=7939 bytes=11601649
[FLOW] dpid=6 prio=10 pkts=5755 bytes=8556529
[FLOW] dpid=6 prio=10 pkts=15 bytes=782
[FLOW] dpid=6 prio=1 pkts=76 bytes=3192
[FLOW] dpid=6 prio=0 pkts=418 bytes=29684
[PORT] dpid=6 port=1 rx=608 tx=13979
[PORT] dpid=6 port=2 rx=45 tx=452
[PORT] dpid=6 port=4 rx=7984 tx=599
[PORT] dpid=6 port=4294967294 rx=635 tx=0
[PORT] dpid=6 port=3 rx=5966 tx=463
[FLOW] dpid=3 prio=300 pkts=0 bytes=0
[FLOW] dpid=3 prio=300 pkts=5750 bytes=8556351
[FLOW] dpid=3 prio=300 pkts=2646 bytes=3867381
[FLOW] dpid=3 prio=10 pkts=149 bytes=12366
[FLOW] dpid=3 prio=10 pkts=5293 bytes=7734268
[FLOW] dpid=3 prio=10 pkts=15 bytes=782
[FLOW] dpid=3 prio=1 pkts=158 bytes=6636
[FLOW] dpid=3 prio=0 pkts=704 bytes=49521
[PORT] dpid=3 port=1 rx=412 tx=43
[PORT] dpid=3 port=2 rx=557 tx=11031
[PORT] dpid=3 port=4294967294 rx=215 tx=0
[PORT] dpid=3 port=3 rx=13979 tx=608
[FLOW] dpid=2 prio=10 pkts=20312 bytes=1351144
[FLOW] dpid=2 prio=50 pkts=24372 bytes=62073022
[FLOW] dpid=2 prio=10 pkts=58158 bytes=4233061
[FLOW] dpid=2 prio=50 pkts=63831 bytes=164712119
[FLOW] dpid=2 prio=1 pkts=76 bytes=3192
[FLOW] dpid=2 prio=0 pkts=402 bytes=29901
[PORT] dpid=2 port=2 rx=43 tx=417
[PORT] dpid=2 port=1 rx=88702 tx=78610
[PORT] dpid=2 port=4294967294 rx=432 tx=0
[PORT] dpid=2 port=3 rx=78571 tx=88720
[FLOW] dpid=1 prio=500 pkts=14188 bytes=38794940
[FLOW] dpid=1 prio=500 pkts=0 bytes=0
[FLOW] dpid=1 prio=400 pkts=361 bytes=874017
[FLOW] dpid=1 prio=400 pkts=4651 bytes=11868269
[FLOW] dpid=1 prio=300 pkts=0 bytes=0
[FLOW] dpid=1 prio=300 pkts=0 bytes=0
[FLOW] dpid=1 prio=300 pkts=0 bytes=0
[FLOW] dpid=1 prio=10 pkts=20312 bytes=1351144
[FLOW] dpid=1 prio=10 pkts=58158 bytes=4233061
[FLOW] dpid=1 prio=10 pkts=26936 bytes=1758760
[FLOW] dpid=1 prio=100 pkts=15717 bytes=42989860
[FLOW] dpid=1 prio=1 pkts=76 bytes=3192
[FLOW] dpid=1 prio=0 pkts=243 bytes=24348
[PORT] dpid=1 port=1 rx=78610 tx=88702
[PORT] dpid=1 port=2 rx=27130 tx=30288
[PORT] dpid=1 port=4294967294 rx=642 tx=0
[PORT] dpid=1 port=3 rx=122198 tx=105900
[FLOW] dpid=5 prio=10 pkts=20312 bytes=1351144
[FLOW] dpid=5 prio=50 pkts=24997 bytes=63577464
[FLOW] dpid=5 prio=10 pkts=58158 bytes=4233061
[FLOW] dpid=5 prio=50 pkts=69241 bytes=179369630
[FLOW] dpid=5 prio=10 pkts=26936 bytes=1758760
[FLOW] dpid=5 prio=100 pkts=29934 bytes=81787470
[FLOW] dpid=5 prio=1 pkts=76 bytes=3192
[FLOW] dpid=5 prio=0 pkts=432 bytes=31033
[PORT] dpid=5 port=2 rx=25107 tx=20822
[PORT] dpid=5 port=5 rx=45 tx=450
[PORT] dpid=5 port=4 rx=29977 tx=27387
[PORT] dpid=5 port=1 rx=105900 tx=122198
[PORT] dpid=5 port=4294967294 rx=858 tx=0
[PORT] dpid=5 port=3 rx=69285 tx=58606
[FLOW] dpid=4 prio=100 pkts=29905 bytes=81784800
[FLOW] dpid=4 prio=10 pkts=153 bytes=12639
[FLOW] dpid=4 prio=10 pkts=7933 bytes=11601216
[FLOW] dpid=4 prio=10 pkts=26936 bytes=1758760
[FLOW] dpid=4 prio=10 pkts=4540 bytes=6751971
[FLOW] dpid=4 prio=10 pkts=15 bytes=782
[FLOW] dpid=4 prio=1 pkts=76 bytes=3192
[FLOW] dpid=4 prio=0 pkts=437 bytes=32788
[PORT] dpid=4 port=1 rx=12710 tx=566
[PORT] dpid=4 port=2 rx=30288 tx=27130
[PORT] dpid=4 port=4294967294 rx=430 tx=0
[PORT] dpid=4 port=3 rx=27146 tx=42890
[FLOW] dpid=3 prio=300 pkts=0 bytes=0
[FLOW] dpid=3 prio=300 pkts=9212 bytes=13707616
[FLOW] dpid=3 prio=300 pkts=2651 bytes=3867748
[FLOW] dpid=3 prio=10 pkts=153 bytes=12639
[FLOW] dpid=3 prio=10 pkts=5293 bytes=7734268
[FLOW] dpid=3 prio=10 pkts=15 bytes=782
[FLOW] dpid=3 prio=1 pkts=158 bytes=6636
[FLOW] dpid=3 prio=0 pkts=714 bytes=50041
[PORT] dpid=3 port=1 rx=417 tx=43
[PORT] dpid=3 port=2 rx=566 tx=12710
[PORT] dpid=3 port=4294967294 rx=220 tx=0
[PORT] dpid=3 port=3 rx=17285 tx=617
[FLOW] dpid=6 prio=10 pkts=153 bytes=12639
[FLOW] dpid=6 prio=10 pkts=7944 bytes=11602016
[FLOW] dpid=6 prio=10 pkts=9217 bytes=13707794
[FLOW] dpid=6 prio=10 pkts=15 bytes=782
[FLOW] dpid=6 prio=1 pkts=76 bytes=3192
[FLOW] dpid=6 prio=0 pkts=423 bytes=29944
[PORT] dpid=6 port=1 rx=617 tx=17285
[PORT] dpid=6 port=2 rx=45 tx=457
[PORT] dpid=6 port=4 rx=7988 tx=608
[PORT] dpid=6 port=4294967294 rx=650 tx=0
[PORT] dpid=6 port=3 rx=9267 tx=468
[FLOW] dpid=2 prio=10 pkts=21645 bytes=1439129
[FLOW] dpid=2 prio=50 pkts=26027 bytes=66438261
[FLOW] dpid=2 prio=10 pkts=58158 bytes=4233061
[FLOW] dpid=2 prio=50 pkts=63831 bytes=164712119
[FLOW] dpid=2 prio=1 pkts=76 bytes=3192
[FLOW] dpid=2 prio=0 pkts=407 bytes=30161
[PORT] dpid=2 port=2 rx=43 tx=422
[PORT] dpid=2 port=1 rx=90286 tx=79885
[PORT] dpid=2 port=4294967294 rx=442 tx=0
[PORT] dpid=2 port=3 rx=79845 tx=90304
[FLOW] dpid=6 prio=10 pkts=155 bytes=12747
[FLOW] dpid=6 prio=10 pkts=7946 bytes=11602161
[FLOW] dpid=6 prio=10 pkts=9225 bytes=13708610
[FLOW] dpid=6 prio=10 pkts=28 bytes=2012
[FLOW] dpid=6 prio=1 pkts=76 bytes=3192
[FLOW] dpid=6 prio=0 pkts=428 bytes=30204
[PORT] dpid=6 port=1 rx=637 tx=17295
[PORT] dpid=6 port=2 rx=45 tx=462
[PORT] dpid=6 port=4 rx=7990 tx=615
[PORT] dpid=6 port=4294967294 rx=665 tx=0
[PORT] dpid=6 port=3 rx=9275 tx=486
[FLOW] dpid=5 prio=10 pkts=21645 bytes=1439129
[FLOW] dpid=5 prio=50 pkts=26625 bytes=67875761
[FLOW] dpid=5 prio=10 pkts=58158 bytes=4233061
[FLOW] dpid=5 prio=50 pkts=69241 bytes=179369630
[FLOW] dpid=5 prio=10 pkts=26936 bytes=1758760
[FLOW] dpid=5 prio=100 pkts=29934 bytes=81787470
[FLOW] dpid=5 prio=1 pkts=76 bytes=3192
[FLOW] dpid=5 prio=0 pkts=437 bytes=31293
[PORT] dpid=5 port=2 rx=26668 tx=22102
[PORT] dpid=5 port=5 rx=45 tx=455
[PORT] dpid=5 port=4 rx=29977 tx=27392
[PORT] dpid=5 port=1 rx=107180 tx=123759
[PORT] dpid=5 port=4294967294 rx=878 tx=0
[PORT] dpid=5 port=3 rx=69285 tx=58611
[FLOW] dpid=4 prio=100 pkts=29905 bytes=81784800
[FLOW] dpid=4 prio=10 pkts=155 bytes=12747
[FLOW] dpid=4 prio=10 pkts=7935 bytes=11601361
[FLOW] dpid=4 prio=10 pkts=26936 bytes=1758760
[FLOW] dpid=4 prio=10 pkts=5217 bytes=7742482
[FLOW] dpid=4 prio=10 pkts=28 bytes=2012
[FLOW] dpid=4 prio=1 pkts=76 bytes=3192
[FLOW] dpid=4 prio=0 pkts=442 bytes=33048
[PORT] dpid=4 port=1 rx=13328 tx=586
[PORT] dpid=4 port=2 rx=30293 tx=27130
[PORT] dpid=4 port=4294967294 rx=440 tx=0
[PORT] dpid=4 port=3 rx=27161 tx=43513
[FLOW] dpid=3 prio=300 pkts=0 bytes=0
[FLOW] dpid=3 prio=300 pkts=9219 bytes=13708390
[FLOW] dpid=3 prio=300 pkts=2652 bytes=3867851
[FLOW] dpid=3 prio=10 pkts=155 bytes=12747
[FLOW] dpid=3 prio=10 pkts=5294 bytes=7734310
[FLOW] dpid=3 prio=10 pkts=28 bytes=2012
[FLOW] dpid=3 prio=1 pkts=159 bytes=6678
[FLOW] dpid=3 prio=0 pkts=724 bytes=50561
[PORT] dpid=3 port=1 rx=422 tx=43
[PORT] dpid=3 port=2 rx=586 tx=13328
[PORT] dpid=3 port=4294967294 rx=225 tx=0
[PORT] dpid=3 port=3 rx=17295 tx=637
[FLOW] dpid=1 prio=500 pkts=14188 bytes=38794940
[FLOW] dpid=1 prio=500 pkts=0 bytes=0
[FLOW] dpid=1 prio=400 pkts=1989 bytes=5172314
[FLOW] dpid=1 prio=400 pkts=4651 bytes=11868269
[FLOW] dpid=1 prio=300 pkts=0 bytes=0
[FLOW] dpid=1 prio=300 pkts=0 bytes=0
[FLOW] dpid=1 prio=300 pkts=0 bytes=0
[FLOW] dpid=1 prio=10 pkts=21645 bytes=1439129
[FLOW] dpid=1 prio=10 pkts=58158 bytes=4233061
[FLOW] dpid=1 prio=10 pkts=26936 bytes=1758760
[FLOW] dpid=1 prio=100 pkts=15717 bytes=42989860
[FLOW] dpid=1 prio=1 pkts=76 bytes=3192
[FLOW] dpid=1 prio=0 pkts=243 bytes=24348
[PORT] dpid=1 port=1 rx=79885 tx=90286
[PORT] dpid=1 port=2 rx=27130 tx=30293
[PORT] dpid=1 port=4294967294 rx=657 tx=0
[PORT] dpid=1 port=3 rx=123759 tx=107180
[FLOW] dpid=2 prio=10 pkts=21645 bytes=1439129
[FLOW] dpid=2 prio=50 pkts=26027 bytes=66438261
[FLOW] dpid=2 prio=10 pkts=58925 bytes=4285303
[FLOW] dpid=2 prio=50 pkts=64756 bytes=167112176
[FLOW] dpid=2 prio=1 pkts=76 bytes=3192
[FLOW] dpid=2 prio=0 pkts=412 bytes=30421
[PORT] dpid=2 port=2 rx=43 tx=427
[PORT] dpid=2 port=1 rx=91256 tx=80689
[PORT] dpid=2 port=4294967294 rx=452 tx=0
[PORT] dpid=2 port=3 rx=80649 tx=91274
[FLOW] dpid=6 prio=10 pkts=155 bytes=12747
[FLOW] dpid=6 prio=10 pkts=7949 bytes=11602383
[FLOW] dpid=6 prio=10 pkts=11535 bytes=17139361
[FLOW] dpid=6 prio=10 pkts=36 bytes=2532
[FLOW] dpid=6 prio=1 pkts=76 bytes=3192
[FLOW] dpid=6 prio=0 pkts=433 bytes=30464
[PORT] dpid=6 port=1 rx=650 tx=19755
[PORT] dpid=6 port=2 rx=45 tx=467
[PORT] dpid=6 port=4 rx=7993 tx=620
[PORT] dpid=6 port=4294967294 rx=680 tx=0
[PORT] dpid=6 port=3 rx=11732 tx=499
[FLOW] dpid=3 prio=300 pkts=0 bytes=0
[FLOW] dpid=3 prio=300 pkts=11529 bytes=17139141
[FLOW] dpid=3 prio=300 pkts=2655 bytes=3868073
[FLOW] dpid=3 prio=10 pkts=155 bytes=12747
[FLOW] dpid=3 prio=10 pkts=5294 bytes=7734310
[FLOW] dpid=3 prio=10 pkts=36 bytes=2532
[FLOW] dpid=3 prio=1 pkts=159 bytes=6678
[FLOW] dpid=3 prio=0 pkts=734 bytes=51081
[PORT] dpid=3 port=1 rx=427 tx=43
[PORT] dpid=3 port=2 rx=599 tx=14289
[PORT] dpid=3 port=4294967294 rx=230 tx=0
[PORT] dpid=3 port=3 rx=19755 tx=650
[FLOW] dpid=4 prio=100 pkts=30595 bytes=83743387
[FLOW] dpid=4 prio=10 pkts=155 bytes=12747
[FLOW] dpid=4 prio=10 pkts=7935 bytes=11601361
[FLOW] dpid=4 prio=10 pkts=27553 bytes=1799502
[FLOW] dpid=4 prio=10 pkts=6121 bytes=9078293
[FLOW] dpid=4 prio=10 pkts=36 bytes=2532
[FLOW] dpid=4 prio=1 pkts=76 bytes=3192
[FLOW] dpid=4 prio=0 pkts=447 bytes=33308
[PORT] dpid=4 port=1 rx=14289 tx=599
[PORT] dpid=4 port=2 rx=31098 tx=27843
[PORT] dpid=4 port=4294967294 rx=450 tx=0
[PORT] dpid=4 port=3 rx=27883 tx=45278
[FLOW] dpid=5 prio=10 pkts=21645 bytes=1439129
[FLOW] dpid=5 prio=50 pkts=26625 bytes=67875761
[FLOW] dpid=5 prio=10 pkts=58925 bytes=4285303
[FLOW] dpid=5 prio=50 pkts=70205 bytes=181880861
[FLOW] dpid=5 prio=10 pkts=27552 bytes=1799436
[FLOW] dpid=5 prio=100 pkts=30691 bytes=83932927
[FLOW] dpid=5 prio=1 pkts=76 bytes=3192
[FLOW] dpid=5 prio=0 pkts=442 bytes=31553
[PORT] dpid=5 port=2 rx=26668 tx=22107
[PORT] dpid=5 port=5 rx=45 tx=460
[PORT] dpid=5 port=4 rx=30853 tx=28110
[PORT] dpid=5 port=1 rx=108702 tx=125538
[PORT] dpid=5 port=4294967294 rx=898 tx=0
[PORT] dpid=5 port=3 rx=70288 tx=59419
[FLOW] dpid=1 prio=500 pkts=14878 bytes=40753527
[FLOW] dpid=1 prio=500 pkts=0 bytes=0
[FLOW] dpid=1 prio=400 pkts=1989 bytes=5172314
[FLOW] dpid=1 prio=400 pkts=5590 bytes=14308346
[FLOW] dpid=1 prio=300 pkts=0 bytes=0
[FLOW] dpid=1 prio=300 pkts=0 bytes=0
[FLOW] dpid=1 prio=300 pkts=0 bytes=0
[FLOW] dpid=1 prio=10 pkts=21645 bytes=1439129
[FLOW] dpid=1 prio=10 pkts=58925 bytes=4285303
[FLOW] dpid=1 prio=10 pkts=27552 bytes=1799436
[FLOW] dpid=1 prio=100 pkts=15717 bytes=42989860
[FLOW] dpid=1 prio=1 pkts=76 bytes=3192
[FLOW] dpid=1 prio=0 pkts=243 bytes=24348
[PORT] dpid=1 port=1 rx=80689 tx=91256
[PORT] dpid=1 port=2 rx=27843 tx=31098
[PORT] dpid=1 port=4294967294 rx=672 tx=0
[PORT] dpid=1 port=3 rx=125538 tx=108701
[FLOW] dpid=2 prio=10 pkts=21645 bytes=1439129
[FLOW] dpid=2 prio=50 pkts=26027 bytes=66438261
[FLOW] dpid=2 prio=10 pkts=60350 bytes=4391581
[FLOW] dpid=2 prio=50 pkts=66315 bytes=171120326
[FLOW] dpid=2 prio=1 pkts=76 bytes=3192
[FLOW] dpid=2 prio=0 pkts=417 bytes=30681
[PORT] dpid=2 port=2 rx=43 tx=432
[PORT] dpid=2 port=1 rx=92875 tx=82172
[PORT] dpid=2 port=4294967294 rx=462 tx=0
[PORT] dpid=2 port=3 rx=82133 tx=92893
[FLOW] dpid=5 prio=10 pkts=21645 bytes=1439129
[FLOW] dpid=5 prio=50 pkts=26625 bytes=67875761
[FLOW] dpid=5 prio=10 pkts=60349 bytes=4391487
[FLOW] dpid=5 prio=50 pkts=71917 bytes=186211877
[FLOW] dpid=5 prio=10 pkts=30070 bytes=1962949
[FLOW] dpid=5 prio=100 pkts=33477 bytes=91482075
[FLOW] dpid=5 prio=1 pkts=76 bytes=3192
[FLOW] dpid=5 prio=0 pkts=447 bytes=31813
[PORT] dpid=5 port=2 rx=26668 tx=22112
[PORT] dpid=5 port=5 rx=45 tx=465
[PORT] dpid=5 port=4 rx=33522 tx=30538
[PORT] dpid=5 port=1 rx=112613 tx=130095
[PORT] dpid=5 port=4294967294 rx=918 tx=0
[PORT] dpid=5 port=3 rx=72076 tx=60908
[FLOW] dpid=6 prio=10 pkts=162 bytes=13169
[FLOW] dpid=6 prio=10 pkts=7959 bytes=11603024
[FLOW] dpid=6 prio=10 pkts=15854 bytes=23574671
[FLOW] dpid=6 prio=10 pkts=36 bytes=2532
[FLOW] dpid=6 prio=1 pkts=76 bytes=3192
[FLOW] dpid=6 prio=0 pkts=438 bytes=30724
[PORT] dpid=6 port=1 rx=662 tx=24081
[PORT] dpid=6 port=2 rx=45 tx=472
[PORT] dpid=6 port=4 rx=8003 tx=632
[PORT] dpid=6 port=4294967294 rx=695 tx=0
[PORT] dpid=6 port=3 rx=16049 tx=504
[FLOW] dpid=4 prio=100 pkts=33448 bytes=91479405
[FLOW] dpid=4 prio=10 pkts=162 bytes=13169
[FLOW] dpid=4 prio=10 pkts=7936 bytes=11601435
[FLOW] dpid=4 prio=10 pkts=30070 bytes=1962949
[FLOW] dpid=4 prio=10 pkts=7800 bytes=11580003
[FLOW] dpid=4 prio=10 pkts=36 bytes=2532
[FLOW] dpid=4 prio=1 pkts=76 bytes=3192
[FLOW] dpid=4 prio=0 pkts=452 bytes=33568
[PORT] dpid=4 port=1 rx=15968 tx=611
[PORT] dpid=4 port=2 rx=33848 tx=30266
[PORT] dpid=4 port=4294967294 rx=460 tx=0
[PORT] dpid=4 port=3 rx=30312 tx=49708
[FLOW] dpid=3 prio=300 pkts=0 bytes=0
[FLOW] dpid=3 prio=300 pkts=15847 bytes=23572961
[FLOW] dpid=3 prio=300 pkts=2662 bytes=3868588
[FLOW] dpid=3 prio=10 pkts=162 bytes=13169
[FLOW] dpid=3 prio=10 pkts=5297 bytes=7734436
[FLOW] dpid=3 prio=10 pkts=36 bytes=2532
[FLOW] dpid=3 prio=1 pkts=159 bytes=6678
[FLOW] dpid=3 prio=0 pkts=744 bytes=51601
[PORT] dpid=3 port=1 rx=432 tx=43
[PORT] dpid=3 port=2 rx=611 tx=15968
[PORT] dpid=3 port=4294967294 rx=235 tx=0
[PORT] dpid=3 port=3 rx=24081 tx=662
[FLOW] dpid=1 prio=500 pkts=17730 bytes=48489503
[FLOW] dpid=1 prio=500 pkts=0 bytes=0
[FLOW] dpid=1 prio=400 pkts=1989 bytes=5172314
[FLOW] dpid=1 prio=400 pkts=7327 bytes=18710516
[FLOW] dpid=1 prio=300 pkts=0 bytes=0
[FLOW] dpid=1 prio=300 pkts=0 bytes=0
[FLOW] dpid=1 prio=300 pkts=0 bytes=0
[FLOW] dpid=1 prio=10 pkts=21645 bytes=1439129
[FLOW] dpid=1 prio=10 pkts=60349 bytes=4391487
[FLOW] dpid=1 prio=10 pkts=30070 bytes=1962949
[FLOW] dpid=1 prio=100 pkts=15718 bytes=42989902
[FLOW] dpid=1 prio=1 pkts=76 bytes=3192
[FLOW] dpid=1 prio=0 pkts=243 bytes=24348
[PORT] dpid=1 port=1 rx=82172 tx=92876
[PORT] dpid=1 port=2 rx=30266 tx=33848
[PORT] dpid=1 port=4294967294 rx=687 tx=0
[PORT] dpid=1 port=3 rx=130095 tx=112613
[FLOW] dpid=2 prio=10 pkts=21645 bytes=1439129
[FLOW] dpid=2 prio=50 pkts=26027 bytes=66438261
[FLOW] dpid=2 prio=10 pkts=62230 bytes=4522774
[FLOW] dpid=2 prio=50 pkts=68463 bytes=176049183
[FLOW] dpid=2 prio=1 pkts=76 bytes=3192
[FLOW] dpid=2 prio=0 pkts=422 bytes=30941
[PORT] dpid=2 port=2 rx=43 tx=437
[PORT] dpid=2 port=1 rx=94945 tx=83973
[PORT] dpid=2 port=4294967294 rx=472 tx=0
[PORT] dpid=2 port=3 rx=83933 tx=94963
[FLOW] dpid=1 prio=500 pkts=17748 bytes=48491267
[FLOW] dpid=1 prio=500 pkts=0 bytes=0
[FLOW] dpid=1 prio=400 pkts=1989 bytes=5172314
[FLOW] dpid=1 prio=400 pkts=9519 bytes=23773269
[FLOW] dpid=1 prio=300 pkts=0 bytes=0
[FLOW] dpid=1 prio=300 pkts=0 bytes=0
[FLOW] dpid=1 prio=300 pkts=0 bytes=0
[FLOW] dpid=1 prio=10 pkts=21645 bytes=1439129
[FLOW] dpid=1 prio=10 pkts=62230 bytes=4522774
[FLOW] dpid=1 prio=10 pkts=30088 bytes=1964713
[FLOW] dpid=1 prio=100 pkts=15718 bytes=42989902
[FLOW] dpid=1 prio=1 pkts=76 bytes=3192
[FLOW] dpid=1 prio=0 pkts=243 bytes=24348
[PORT] dpid=1 port=1 rx=83973 tx=94945
[PORT] dpid=1 port=2 rx=30282 tx=33869
[PORT] dpid=1 port=4294967294 rx=702 tx=0
[PORT] dpid=1 port=3 rx=132192 tx=114435
[FLOW] dpid=4 prio=100 pkts=33466 bytes=91481169
[FLOW] dpid=4 prio=10 pkts=163 bytes=13243
[FLOW] dpid=4 prio=10 pkts=7937 bytes=11601477
[FLOW] dpid=4 prio=10 pkts=30088 bytes=1964713
[FLOW] dpid=4 prio=10 pkts=9479 bytes=14081713
[FLOW] dpid=4 prio=10 pkts=36 bytes=2532
[FLOW] dpid=4 prio=1 pkts=76 bytes=3192
[FLOW] dpid=4 prio=0 pkts=457 bytes=33828
[PORT] dpid=4 port=1 rx=17647 tx=617
[PORT] dpid=4 port=2 rx=33869 tx=30282
[PORT] dpid=4 port=4294967294 rx=470 tx=0
[PORT] dpid=4 port=3 rx=30329 tx=51408
[FLOW] dpid=5 prio=10 pkts=21645 bytes=1439129
[FLOW] dpid=5 prio=50 pkts=26625 bytes=67875761
[FLOW] dpid=5 prio=10 pkts=62230 bytes=4522774
[FLOW] dpid=5 prio=50 pkts=74109 bytes=191274630
[FLOW] dpid=5 prio=10 pkts=30088 bytes=1964713
[FLOW] dpid=5 prio=100 pkts=33495 bytes=91483839
[FLOW] dpid=5 prio=1 pkts=76 bytes=3192
[FLOW] dpid=5 prio=0 pkts=452 bytes=32073
[PORT] dpid=5 port=2 rx=26668 tx=22117
[PORT] dpid=5 port=5 rx=45 tx=470
[PORT] dpid=5 port=4 rx=33538 tx=30559
[PORT] dpid=5 port=1 rx=114435 tx=132192
[PORT] dpid=5 port=4294967294 rx=938 tx=0
[PORT] dpid=5 port=3 rx=74157 tx=62714
[FLOW] dpid=6 prio=10 pkts=163 bytes=13243
[FLOW] dpid=6 prio=10 pkts=7961 bytes=11603193
[FLOW] dpid=6 prio=10 pkts=20028 bytes=29788189
[FLOW] dpid=6 prio=10 pkts=36 bytes=2532
[FLOW] dpid=6 prio=1 pkts=76 bytes=3192
[FLOW] dpid=6 prio=0 pkts=443 bytes=30984
[PORT] dpid=6 port=1 rx=668 tx=28114
[PORT] dpid=6 port=2 rx=45 tx=477
[PORT] dpid=6 port=4 rx=8005 tx=638
[PORT] dpid=6 port=4294967294 rx=710 tx=0
[PORT] dpid=6 port=3 rx=20079 tx=509
[FLOW] dpid=3 prio=300 pkts=0 bytes=0
[FLOW] dpid=3 prio=300 pkts=20020 bytes=29787885
[FLOW] dpid=3 prio=300 pkts=2664 bytes=3868757
[FLOW] dpid=3 prio=10 pkts=163 bytes=13243
[FLOW] dpid=3 prio=10 pkts=5297 bytes=7734436
[FLOW] dpid=3 prio=10 pkts=36 bytes=2532
[FLOW] dpid=3 prio=1 pkts=161 bytes=6762
[FLOW] dpid=3 prio=0 pkts=754 bytes=52121
[PORT] dpid=3 port=1 rx=437 tx=43
[PORT] dpid=3 port=2 rx=617 tx=17647
[PORT] dpid=3 port=4294967294 rx=240 tx=0
[PORT] dpid=3 port=3 rx=28114 tx=668
[FLOW] dpid=2 prio=10 pkts=21915 bytes=1457897
[FLOW] dpid=2 prio=50 pkts=26328 bytes=67164198
[FLOW] dpid=2 prio=10 pkts=62246 bytes=4524109
[FLOW] dpid=2 prio=50 pkts=68475 bytes=176060784
[FLOW] dpid=2 prio=1 pkts=79 bytes=3318
[FLOW] dpid=2 prio=0 pkts=429 bytes=31341
[PORT] dpid=2 port=2 rx=43 tx=447
[PORT] dpid=2 port=1 rx=95312 tx=84292
[PORT] dpid=2 port=4294967294 rx=482 tx=0
[PORT] dpid=2 port=3 rx=84253 tx=95330
[FLOW] dpid=5 prio=10 pkts=21914 bytes=1457831
[FLOW] dpid=5 prio=50 pkts=26952 bytes=68674366
[FLOW] dpid=5 prio=10 pkts=62246 bytes=4524109
[FLOW] dpid=5 prio=50 pkts=74113 bytes=191274895
[FLOW] dpid=5 prio=10 pkts=30088 bytes=1964713
[FLOW] dpid=5 prio=100 pkts=33495 bytes=91483839
[FLOW] dpid=5 prio=1 pkts=79 bytes=3318
[FLOW] dpid=5 prio=0 pkts=458 bytes=32403
[PORT] dpid=5 port=2 rx=27052 tx=22444
[PORT] dpid=5 port=5 rx=45 tx=479
[PORT] dpid=5 port=4 rx=33538 tx=30568
[PORT] dpid=5 port=1 rx=114762 tx=132577
[PORT] dpid=5 port=4294967294 rx=958 tx=0
[PORT] dpid=5 port=3 rx=74157 tx=62723
[FLOW] dpid=6 prio=10 pkts=174 bytes=13962
[FLOW] dpid=6 prio=10 pkts=8133 bytes=11843996
[FLOW] dpid=6 prio=10 pkts=20039 bytes=29789204
[FLOW] dpid=6 prio=10 pkts=51 bytes=3809
[FLOW] dpid=6 prio=1 pkts=79 bytes=3318
[FLOW] dpid=6 prio=0 pkts=450 bytes=31384
[PORT] dpid=6 port=1 rx=701 tx=28299
[PORT] dpid=6 port=2 rx=45 tx=487
[PORT] dpid=6 port=4 rx=8177 tx=659
[PORT] dpid=6 port=4294967294 rx=725 tx=0
[PORT] dpid=6 port=3 rx=20092 tx=531
[FLOW] dpid=1 prio=500 pkts=17748 bytes=48491267
[FLOW] dpid=1 prio=500 pkts=0 bytes=0
[FLOW] dpid=1 prio=400 pkts=2316 bytes=5970919
[FLOW] dpid=1 prio=400 pkts=9523 bytes=23773534
[FLOW] dpid=1 prio=300 pkts=0 bytes=0
[FLOW] dpid=1 prio=300 pkts=0 bytes=0
[FLOW] dpid=1 prio=300 pkts=0 bytes=0
[FLOW] dpid=1 prio=10 pkts=21914 bytes=1457831
[FLOW] dpid=1 prio=10 pkts=62246 bytes=4524109
[FLOW] dpid=1 prio=10 pkts=30088 bytes=1964713
[FLOW] dpid=1 prio=100 pkts=15718 bytes=42989902
[FLOW] dpid=1 prio=1 pkts=79 bytes=3318
[FLOW] dpid=1 prio=0 pkts=245 bytes=24488
[PORT] dpid=1 port=1 rx=84292 tx=95312
[PORT] dpid=1 port=2 rx=30285 tx=33876
[PORT] dpid=1 port=4294967294 rx=717 tx=0
[PORT] dpid=1 port=3 rx=132577 tx=114762
[FLOW] dpid=4 prio=100 pkts=33466 bytes=91481169
[FLOW] dpid=4 prio=10 pkts=174 bytes=13962
[FLOW] dpid=4 prio=10 pkts=8109 bytes=11842280
[FLOW] dpid=4 prio=10 pkts=30088 bytes=1964713
[FLOW] dpid=4 prio=10 pkts=10433 bytes=15486375
[FLOW] dpid=4 prio=10 pkts=51 bytes=3809
[FLOW] dpid=4 prio=1 pkts=79 bytes=3318
[FLOW] dpid=4 prio=0 pkts=464 bytes=34228
[PORT] dpid=4 port=1 rx=18721 tx=650
[PORT] dpid=4 port=2 rx=33876 tx=30285
[PORT] dpid=4 port=4294967294 rx=480 tx=0
[PORT] dpid=4 port=3 rx=30355 tx=52489
[FLOW] dpid=3 prio=300 pkts=0 bytes=0
[FLOW] dpid=3 prio=300 pkts=20030 bytes=29788858
[FLOW] dpid=3 prio=300 pkts=2836 bytes=4109560
[FLOW] dpid=3 prio=10 pkts=174 bytes=13962
[FLOW] dpid=3 prio=10 pkts=5297 bytes=7734436
[FLOW] dpid=3 prio=10 pkts=51 bytes=3809
[FLOW] dpid=3 prio=1 pkts=168 bytes=7056
[FLOW] dpid=3 prio=0 pkts=768 bytes=52921
[PORT] dpid=3 port=1 rx=447 tx=43
[PORT] dpid=3 port=2 rx=650 tx=18721
[PORT] dpid=3 port=4294967294 rx=245 tx=0
[PORT] dpid=3 port=3 rx=28299 tx=701
[FLOW] dpid=2 prio=10 pkts=23365 bytes=1555417
[FLOW] dpid=2 prio=50 pkts=27996 bytes=71589651
[FLOW] dpid=2 prio=10 pkts=62246 bytes=4524109
[FLOW] dpid=2 prio=50 pkts=68475 bytes=176060784
[FLOW] dpid=2 prio=1 pkts=79 bytes=3318
[FLOW] dpid=2 prio=0 pkts=435 bytes=31671
[PORT] dpid=2 port=2 rx=43 tx=453
[PORT] dpid=2 port=1 rx=96929 tx=85694
[PORT] dpid=2 port=4294967294 rx=492 tx=0
[PORT] dpid=2 port=3 rx=85654 tx=96947
[FLOW] dpid=6 prio=10 pkts=175 bytes=14004
[FLOW] dpid=6 prio=10 pkts=8134 bytes=11844038
[FLOW] dpid=6 prio=10 pkts=20040 bytes=29789246
[FLOW] dpid=6 prio=10 pkts=52 bytes=3851
[FLOW] dpid=6 prio=1 pkts=80 bytes=3360
[FLOW] dpid=6 prio=0 pkts=455 bytes=31644
[PORT] dpid=6 port=1 rx=709 tx=28301
[PORT] dpid=6 port=2 rx=45 tx=493
[PORT] dpid=6 port=4 rx=8178 tx=666
[PORT] dpid=6 port=4294967294 rx=740 tx=0
[PORT] dpid=6 port=3 rx=20093 tx=538
[FLOW] dpid=3 prio=300 pkts=0 bytes=0
[FLOW] dpid=3 prio=300 pkts=20030 bytes=29788858
[FLOW] dpid=3 prio=300 pkts=2836 bytes=4109560
[FLOW] dpid=3 prio=10 pkts=175 bytes=14004
[FLOW] dpid=3 prio=10 pkts=5298 bytes=7734478
[FLOW] dpid=3 prio=10 pkts=52 bytes=3851
[FLOW] dpid=3 prio=1 pkts=170 bytes=7140
[FLOW] dpid=3 prio=0 pkts=779 bytes=53511
[PORT] dpid=3 port=1 rx=453 tx=43
[PORT] dpid=3 port=2 rx=658 tx=18724
[PORT] dpid=3 port=4294967294 rx=250 tx=0
[PORT] dpid=3 port=3 rx=28301 tx=709
[FLOW] dpid=5 prio=10 pkts=23365 bytes=1555417
[FLOW] dpid=5 prio=50 pkts=28608 bytes=73065723
[FLOW] dpid=5 prio=10 pkts=62246 bytes=4524109
[FLOW] dpid=5 prio=50 pkts=74113 bytes=191274895
[FLOW] dpid=5 prio=10 pkts=30088 bytes=1964713
[FLOW] dpid=5 prio=100 pkts=33495 bytes=91483839
[FLOW] dpid=5 prio=1 pkts=79 bytes=3318
[FLOW] dpid=5 prio=0 pkts=465 bytes=32803
[PORT] dpid=5 port=2 rx=28651 tx=23853
[PORT] dpid=5 port=5 rx=45 tx=486
[PORT] dpid=5 port=4 rx=33538 tx=30575
[PORT] dpid=5 port=1 rx=116171 tx=134176
[PORT] dpid=5 port=4294967294 rx=978 tx=0
[PORT] dpid=5 port=3 rx=74157 tx=62730
[FLOW] dpid=1 prio=500 pkts=17748 bytes=48491267
[FLOW] dpid=1 prio=500 pkts=0 bytes=0
[FLOW] dpid=1 prio=400 pkts=3971 bytes=10362234
[FLOW] dpid=1 prio=400 pkts=9523 bytes=23773534
[FLOW] dpid=1 prio=300 pkts=0 bytes=0
[FLOW] dpid=1 prio=300 pkts=0 bytes=0
[FLOW] dpid=1 prio=300 pkts=0 bytes=0
[FLOW] dpid=1 prio=10 pkts=23365 bytes=1555417
[FLOW] dpid=1 prio=10 pkts=62246 bytes=4524109
[FLOW] dpid=1 prio=10 pkts=30088 bytes=1964713
[FLOW] dpid=1 prio=100 pkts=15718 bytes=42989902
[FLOW] dpid=1 prio=1 pkts=80 bytes=3360
[FLOW] dpid=1 prio=0 pkts=246 bytes=24558
[PORT] dpid=1 port=1 rx=85694 tx=96929
[PORT] dpid=1 port=2 rx=30286 tx=33882
[PORT] dpid=1 port=4294967294 rx=732 tx=0
[PORT] dpid=1 port=3 rx=134176 tx=116171
[FLOW] dpid=4 prio=100 pkts=33466 bytes=91481169
[FLOW] dpid=4 prio=10 pkts=175 bytes=14004
[FLOW] dpid=4 prio=10 pkts=8110 bytes=11842322
[FLOW] dpid=4 prio=10 pkts=30088 bytes=1964713
[FLOW] dpid=4 prio=10 pkts=10434 bytes=15486417
[FLOW] dpid=4 prio=10 pkts=52 bytes=3851
[FLOW] dpid=4 prio=1 pkts=80 bytes=3360
[FLOW] dpid=4 prio=0 pkts=470 bytes=34558
[PORT] dpid=4 port=1 rx=18724 tx=658
[PORT] dpid=4 port=2 rx=33882 tx=30286
[PORT] dpid=4 port=4294967294 rx=490 tx=0
[PORT] dpid=4 port=3 rx=30357 tx=52498
[FLOW] dpid=2 prio=10 pkts=23365 bytes=1555417
[FLOW] dpid=2 prio=50 pkts=27996 bytes=71589651
[FLOW] dpid=2 prio=10 pkts=63135 bytes=4583827
[FLOW] dpid=2 prio=50 pkts=69505 bytes=178807363
[FLOW] dpid=2 prio=1 pkts=79 bytes=3318
[FLOW] dpid=2 prio=0 pkts=443 bytes=32141
[PORT] dpid=2 port=2 rx=43 tx=461
[PORT] dpid=2 port=1 rx=98010 tx=86619
[PORT] dpid=2 port=4294967294 rx=502 tx=0
[PORT] dpid=2 port=3 rx=86579 tx=98028
[FLOW] dpid=6 prio=10 pkts=175 bytes=14004
[FLOW] dpid=6 prio=10 pkts=8137 bytes=11844260
[FLOW] dpid=6 prio=10 pkts=22526 bytes=33480789
[FLOW] dpid=6 prio=10 pkts=60 bytes=4371
[FLOW] dpid=6 prio=1 pkts=80 bytes=3360
[FLOW] dpid=6 prio=0 pkts=462 bytes=32044
[PORT] dpid=6 port=1 rx=724 tx=30920
[PORT] dpid=6 port=2 rx=45 tx=501
[PORT] dpid=6 port=4 rx=8181 tx=673
[PORT] dpid=6 port=4294967294 rx=755 tx=0
[PORT] dpid=6 port=3 rx=22709 tx=553
[FLOW] dpid=5 prio=10 pkts=23365 bytes=1555417
[FLOW] dpid=5 prio=50 pkts=28608 bytes=73065723
[FLOW] dpid=5 prio=10 pkts=63135 bytes=4583827
[FLOW] dpid=5 prio=50 pkts=75178 bytes=194119352
[FLOW] dpid=5 prio=10 pkts=30762 bytes=2009217
[FLOW] dpid=5 prio=100 pkts=34311 bytes=93744686
[FLOW] dpid=5 prio=1 pkts=79 bytes=3318
[FLOW] dpid=5 prio=0 pkts=472 bytes=33203
[PORT] dpid=5 port=2 rx=28651 tx=23860
[PORT] dpid=5 port=5 rx=46 tx=492
[PORT] dpid=5 port=4 rx=34454 tx=31335
[PORT] dpid=5 port=1 rx=117854 tx=136114
[PORT] dpid=5 port=4294967294 rx=998 tx=0
[PORT] dpid=5 port=3 rx=75266 tx=63662
[FLOW] dpid=4 prio=100 pkts=34225 bytes=93586214
[FLOW] dpid=4 prio=10 pkts=175 bytes=14004
[FLOW] dpid=4 prio=10 pkts=8110 bytes=11842322
[FLOW] dpid=4 prio=10 pkts=30762 bytes=2009217
[FLOW] dpid=4 prio=10 pkts=11406 bytes=16923548
[FLOW] dpid=4 prio=10 pkts=60 bytes=4371
[FLOW] dpid=4 prio=1 pkts=80 bytes=3360
[FLOW] dpid=4 prio=0 pkts=477 bytes=34958
[PORT] dpid=4 port=1 rx=19747 tx=673
[PORT] dpid=4 port=2 rx=34742 tx=31040
[PORT] dpid=4 port=4294967294 rx=500 tx=0
[PORT] dpid=4 port=3 rx=31120 tx=54380
[FLOW] dpid=1 prio=500 pkts=18507 bytes=50596312
[FLOW] dpid=1 prio=500 pkts=0 bytes=0
[FLOW] dpid=1 prio=400 pkts=3971 bytes=10362234
[FLOW] dpid=1 prio=400 pkts=10562 bytes=26546771
[FLOW] dpid=1 prio=300 pkts=0 bytes=0
[FLOW] dpid=1 prio=300 pkts=0 bytes=0
[FLOW] dpid=1 prio=300 pkts=0 bytes=0
[FLOW] dpid=1 prio=10 pkts=23365 bytes=1555417
[FLOW] dpid=1 prio=10 pkts=63135 bytes=4583827
[FLOW] dpid=1 prio=10 pkts=30762 bytes=2009217
[FLOW] dpid=1 prio=100 pkts=15718 bytes=42989902
[FLOW] dpid=1 prio=1 pkts=80 bytes=3360
[FLOW] dpid=1 prio=0 pkts=248 bytes=24698
[PORT] dpid=1 port=1 rx=86619 tx=98010
[PORT] dpid=1 port=2 rx=31040 tx=34742
[PORT] dpid=1 port=4294967294 rx=747 tx=0
[PORT] dpid=1 port=3 rx=136113 tx=117854
[FLOW] dpid=3 prio=300 pkts=0 bytes=0
[FLOW] dpid=3 prio=300 pkts=22514 bytes=33478869
[FLOW] dpid=3 prio=300 pkts=2839 bytes=4109782
[FLOW] dpid=3 prio=10 pkts=175 bytes=14004
[FLOW] dpid=3 prio=10 pkts=5298 bytes=7734478
[FLOW] dpid=3 prio=10 pkts=60 bytes=4371
[FLOW] dpid=3 prio=1 pkts=171 bytes=7182
[FLOW] dpid=3 prio=0 pkts=794 bytes=54381
[PORT] dpid=3 port=1 rx=461 tx=43
[PORT] dpid=3 port=2 rx=673 tx=19747
[PORT] dpid=3 port=4294967294 rx=255 tx=0
[PORT] dpid=3 port=3 rx=30920 tx=724
[FLOW] dpid=2 prio=10 pkts=23365 bytes=1555417
[FLOW] dpid=2 prio=50 pkts=27996 bytes=71589651
[FLOW] dpid=2 prio=10 pkts=64747 bytes=4703675
[FLOW] dpid=2 prio=50 pkts=71260 bytes=183135425
[FLOW] dpid=2 prio=1 pkts=82 bytes=3444
[FLOW] dpid=2 prio=0 pkts=448 bytes=32401
[PORT] dpid=2 port=2 rx=43 tx=469
[PORT] dpid=2 port=1 rx=99801 tx=88267
[PORT] dpid=2 port=4294967294 rx=512 tx=0
[PORT] dpid=2 port=3 rx=88227 tx=99819
[FLOW] dpid=3 prio=300 pkts=0 bytes=0
[FLOW] dpid=3 prio=300 pkts=25237 bytes=37536139
[FLOW] dpid=3 prio=300 pkts=2846 bytes=4110297
[FLOW] dpid=3 prio=10 pkts=182 bytes=14426
[FLOW] dpid=3 prio=10 pkts=5301 bytes=7734604
[FLOW] dpid=3 prio=10 pkts=65 bytes=4581
[FLOW] dpid=3 prio=1 pkts=180 bytes=7560
[FLOW] dpid=3 prio=0 pkts=804 bytes=54901
[PORT] dpid=3 port=1 rx=469 tx=43
[PORT] dpid=3 port=2 rx=690 tx=21433
[PORT] dpid=3 port=4294967294 rx=260 tx=0
[PORT] dpid=3 port=3 rx=33654 tx=741
[FLOW] dpid=6 prio=10 pkts=182 bytes=14426
[FLOW] dpid=6 prio=10 pkts=8147 bytes=11844901
[FLOW] dpid=6 prio=10 pkts=25250 bytes=37536653
[FLOW] dpid=6 prio=10 pkts=65 bytes=4581
[FLOW] dpid=6 prio=1 pkts=84 bytes=3528
[FLOW] dpid=6 prio=0 pkts=467 bytes=32304
[PORT] dpid=6 port=1 rx=741 tx=33654
[PORT] dpid=6 port=2 rx=45 tx=510
[PORT] dpid=6 port=4 rx=8191 tx=689
[PORT] dpid=6 port=4294967294 rx=770 tx=0
[PORT] dpid=6 port=3 rx=25434 tx=563
[FLOW] dpid=5 prio=10 pkts=23365 bytes=1555417
[FLOW] dpid=5 prio=50 pkts=28608 bytes=73065723
[FLOW] dpid=5 prio=10 pkts=64747 bytes=4703675
[FLOW] dpid=5 prio=50 pkts=77116 bytes=198869276
[FLOW] dpid=5 prio=10 pkts=33044 bytes=2157388
[FLOW] dpid=5 prio=100 pkts=36835 bytes=100575806
[FLOW] dpid=5 prio=1 pkts=82 bytes=3444
[FLOW] dpid=5 prio=0 pkts=477 bytes=33463
[PORT] dpid=5 port=2 rx=28651 tx=23868
[PORT] dpid=5 port=5 rx=46 tx=500
[PORT] dpid=5 port=4 rx=36881 tx=33548
[PORT] dpid=5 port=1 rx=121714 tx=140595
[PORT] dpid=5 port=4294967294 rx=1018 tx=0
[PORT] dpid=5 port=3 rx=77232 tx=65317
[FLOW] dpid=1 prio=500 pkts=21087 bytes=57583192
[FLOW] dpid=1 prio=500 pkts=0 bytes=0
[FLOW] dpid=1 prio=400 pkts=3971 bytes=10362234
[FLOW] dpid=1 prio=400 pkts=12523 bytes=31361925
[FLOW] dpid=1 prio=300 pkts=0 bytes=0
[FLOW] dpid=1 prio=300 pkts=0 bytes=0
[FLOW] dpid=1 prio=300 pkts=0 bytes=0
[FLOW] dpid=1 prio=10 pkts=23365 bytes=1555417
[FLOW] dpid=1 prio=10 pkts=64747 bytes=4703675
[FLOW] dpid=1 prio=10 pkts=33044 bytes=2157388
[FLOW] dpid=1 prio=100 pkts=15719 bytes=42989944
[FLOW] dpid=1 prio=1 pkts=83 bytes=3486
[FLOW] dpid=1 prio=0 pkts=248 bytes=24698
[PORT] dpid=1 port=1 rx=88267 tx=99801
[PORT] dpid=1 port=2 rx=33247 tx=37236
[PORT] dpid=1 port=4294967294 rx=762 tx=0
[PORT] dpid=1 port=3 rx=140595 tx=121714
[FLOW] dpid=4 prio=100 pkts=36806 bytes=100573136
[FLOW] dpid=4 prio=10 pkts=182 bytes=14426
[FLOW] dpid=4 prio=10 pkts=8114 bytes=11842602
[FLOW] dpid=4 prio=10 pkts=33044 bytes=2157388
[FLOW] dpid=4 prio=10 pkts=13087 bytes=19425342
[FLOW] dpid=4 prio=10 pkts=65 bytes=4581
[FLOW] dpid=4 prio=1 pkts=83 bytes=3486
[FLOW] dpid=4 prio=0 pkts=482 bytes=35218
[PORT] dpid=4 port=1 rx=21433 tx=690
[PORT] dpid=4 port=2 rx=37236 tx=33247
[PORT] dpid=4 port=4294967294 rx=510 tx=0
[PORT] dpid=4 port=3 rx=33335 tx=58561
[FLOW] dpid=2 prio=10 pkts=23429 bytes=1559877
[FLOW] dpid=2 prio=50 pkts=28063 bytes=71746352
[FLOW] dpid=2 prio=10 pkts=66286 bytes=4808605
[FLOW] dpid=2 prio=50 pkts=73147 bytes=187888457
[FLOW] dpid=2 prio=1 pkts=82 bytes=3444
[FLOW] dpid=2 prio=0 pkts=455 bytes=32801
[PORT] dpid=2 port=2 rx=43 tx=476
[PORT] dpid=2 port=1 rx=101752 tx=89854
[PORT] dpid=2 port=4294967294 rx=522 tx=0
[PORT] dpid=2 port=3 rx=89814 tx=101769
[FLOW] dpid=4 prio=100 pkts=36821 bytes=100574606
[FLOW] dpid=4 prio=10 pkts=186 bytes=14699
[FLOW] dpid=4 prio=10 pkts=8117 bytes=11842752
[FLOW] dpid=4 prio=10 pkts=33059 bytes=2158858
[FLOW] dpid=4 prio=10 pkts=14765 bytes=21925562
[FLOW] dpid=4 prio=10 pkts=65 bytes=4581
[FLOW] dpid=4 prio=1 pkts=83 bytes=3486
[FLOW] dpid=4 prio=0 pkts=488 bytes=35548
[PORT] dpid=4 port=1 rx=23114 tx=700
[PORT] dpid=4 port=2 rx=37254 tx=33262
[PORT] dpid=4 port=4294967294 rx=520 tx=0
[PORT] dpid=4 port=3 rx=33353 tx=60260
[FLOW] dpid=3 prio=300 pkts=0 bytes=0
[FLOW] dpid=3 prio=300 pkts=29234 bytes=43487400
[FLOW] dpid=3 prio=300 pkts=2851 bytes=4110664
[FLOW] dpid=3 prio=10 pkts=186 bytes=14699
[FLOW] dpid=3 prio=10 pkts=5301 bytes=7734604
[FLOW] dpid=3 prio=10 pkts=65 bytes=4581
[FLOW] dpid=3 prio=1 pkts=180 bytes=7560
[FLOW] dpid=3 prio=0 pkts=817 bytes=55631
[PORT] dpid=3 port=1 rx=476 tx=43
[PORT] dpid=3 port=2 rx=700 tx=23114
[PORT] dpid=3 port=4294967294 rx=265 tx=0
[PORT] dpid=3 port=3 rx=37531 tx=751
[FLOW] dpid=5 prio=10 pkts=23428 bytes=1559811
[FLOW] dpid=5 prio=50 pkts=28692 bytes=73261194
[FLOW] dpid=5 prio=10 pkts=66286 bytes=4808605
[FLOW] dpid=5 prio=50 pkts=78985 bytes=203583472
[FLOW] dpid=5 prio=10 pkts=33059 bytes=2158858
[FLOW] dpid=5 prio=100 pkts=36850 bytes=100577276
[FLOW] dpid=5 prio=1 pkts=82 bytes=3444
[FLOW] dpid=5 prio=0 pkts=484 bytes=33863
[PORT] dpid=5 port=2 rx=28797 tx=23996
[PORT] dpid=5 port=5 rx=46 tx=507
[PORT] dpid=5 port=4 rx=36894 tx=33568
[PORT] dpid=5 port=1 rx=123322 tx=142549
[PORT] dpid=5 port=4294967294 rx=1038 tx=0
[PORT] dpid=5 port=3 rx=79029 tx=66793
[FLOW] dpid=1 prio=500 pkts=21102 bytes=57584662
[FLOW] dpid=1 prio=500 pkts=0 bytes=0
[FLOW] dpid=1 prio=400 pkts=4055 bytes=10557705
[FLOW] dpid=1 prio=400 pkts=14395 bytes=36082111
[FLOW] dpid=1 prio=300 pkts=0 bytes=0
[FLOW] dpid=1 prio=300 pkts=0 bytes=0
[FLOW] dpid=1 prio=300 pkts=0 bytes=0
[FLOW] dpid=1 prio=10 pkts=23428 bytes=1559811
[FLOW] dpid=1 prio=10 pkts=66286 bytes=4808605
[FLOW] dpid=1 prio=10 pkts=33059 bytes=2158858
[FLOW] dpid=1 prio=100 pkts=15719 bytes=42989944
[FLOW] dpid=1 prio=1 pkts=83 bytes=3486
[FLOW] dpid=1 prio=0 pkts=250 bytes=24838
[PORT] dpid=1 port=1 rx=89854 tx=101752
[PORT] dpid=1 port=2 rx=33262 tx=37254
[PORT] dpid=1 port=4294967294 rx=777 tx=0
[PORT] dpid=1 port=3 rx=142549 tx=123322
[FLOW] dpid=6 prio=10 pkts=186 bytes=14699
[FLOW] dpid=6 prio=10 pkts=8152 bytes=11845268
[FLOW] dpid=6 prio=10 pkts=29247 bytes=43487914
[FLOW] dpid=6 prio=10 pkts=65 bytes=4581
[FLOW] dpid=6 prio=1 pkts=84 bytes=3528
[FLOW] dpid=6 prio=0 pkts=473 bytes=32634
[PORT] dpid=6 port=1 rx=751 tx=37531
[PORT] dpid=6 port=2 rx=45 tx=516
[PORT] dpid=6 port=4 rx=8196 tx=699
[PORT] dpid=6 port=4294967294 rx=785 tx=0
[PORT] dpid=6 port=3 rx=29305 tx=569
[FLOW] dpid=2 prio=10 pkts=25085 bytes=1671058
[FLOW] dpid=2 prio=50 pkts=29902 bytes=76654815
[FLOW] dpid=2 prio=10 pkts=66286 bytes=4808605
[FLOW] dpid=2 prio=50 pkts=73147 bytes=187888457
[FLOW] dpid=2 prio=1 pkts=82 bytes=3444
[FLOW] dpid=2 prio=0 pkts=461 bytes=33131
[PORT] dpid=2 port=2 rx=43 tx=483
[PORT] dpid=2 port=1 rx=103570 tx=91489
[PORT] dpid=2 port=4294967294 rx=532 tx=0
[PORT] dpid=2 port=3 rx=91449 tx=103588
[FLOW] dpid=6 prio=10 pkts=187 bytes=14765
[FLOW] dpid=6 prio=10 pkts=8153 bytes=11845371
[FLOW] dpid=6 prio=10 pkts=29256 bytes=43488822
[FLOW] dpid=6 prio=10 pkts=77 bytes=5765
[FLOW] dpid=6 prio=1 pkts=84 bytes=3528
[FLOW] dpid=6 prio=0 pkts=479 bytes=32964
[PORT] dpid=6 port=1 rx=769 tx=37541
[PORT] dpid=6 port=2 rx=46 tx=521
[PORT] dpid=6 port=4 rx=8197 tx=706
[PORT] dpid=6 port=4294967294 rx=800 tx=0
[PORT] dpid=6 port=3 rx=29313 tx=587
[FLOW] dpid=4 prio=100 pkts=36821 bytes=100574606
[FLOW] dpid=4 prio=10 pkts=187 bytes=14765
[FLOW] dpid=4 prio=10 pkts=8119 bytes=11842921
[FLOW] dpid=4 prio=10 pkts=33059 bytes=2158858
[FLOW] dpid=4 prio=10 pkts=15650 bytes=23227441
[FLOW] dpid=4 prio=10 pkts=77 bytes=5765
[FLOW] dpid=4 prio=1 pkts=83 bytes=3486
[FLOW] dpid=4 prio=0 pkts=494 bytes=35878
[PORT] dpid=4 port=1 rx=23953 tx=718
[PORT] dpid=4 port=2 rx=37259 tx=33263
[PORT] dpid=4 port=4294967294 rx=530 tx=0
[PORT] dpid=4 port=3 rx=33366 tx=61104
[FLOW] dpid=3 prio=300 pkts=0 bytes=0
[FLOW] dpid=3 prio=300 pkts=29243 bytes=43488308
[FLOW] dpid=3 prio=300 pkts=2852 bytes=4110767
[FLOW] dpid=3 prio=10 pkts=187 bytes=14765
[FLOW] dpid=3 prio=10 pkts=5301 bytes=7734604
[FLOW] dpid=3 prio=10 pkts=77 bytes=5765
[FLOW] dpid=3 prio=1 pkts=180 bytes=7560
[FLOW] dpid=3 prio=0 pkts=830 bytes=56361
[PORT] dpid=3 port=1 rx=483 tx=43
[PORT] dpid=3 port=2 rx=718 tx=23953
[PORT] dpid=3 port=4294967294 rx=270 tx=0
[PORT] dpid=3 port=3 rx=37541 tx=769
[FLOW] dpid=5 prio=10 pkts=25084 bytes=1671004
[FLOW] dpid=5 prio=50 pkts=30550 bytes=78217584
[FLOW] dpid=5 prio=10 pkts=66286 bytes=4808605
[FLOW] dpid=5 prio=50 pkts=78985 bytes=203583472
[FLOW] dpid=5 prio=10 pkts=33059 bytes=2158858
[FLOW] dpid=5 prio=100 pkts=36850 bytes=100577276
[FLOW] dpid=5 prio=1 pkts=82 bytes=3444
[FLOW] dpid=5 prio=0 pkts=490 bytes=34193
[PORT] dpid=5 port=2 rx=30597 tx=25637
[PORT] dpid=5 port=5 rx=46 tx=513
[PORT] dpid=5 port=4 rx=36894 tx=33574
[PORT] dpid=5 port=1 rx=124963 tx=144351
[PORT] dpid=5 port=4294967294 rx=1058 tx=0
[PORT] dpid=5 port=3 rx=79029 tx=66799
[FLOW] dpid=1 prio=500 pkts=21102 bytes=57584662
[FLOW] dpid=1 prio=500 pkts=0 bytes=0
[FLOW] dpid=1 prio=400 pkts=5913 bytes=15514095
[FLOW] dpid=1 prio=400 pkts=14395 bytes=36082111
[FLOW] dpid=1 prio=300 pkts=0 bytes=0
[FLOW] dpid=1 prio=300 pkts=0 bytes=0
[FLOW] dpid=1 prio=300 pkts=0 bytes=0
[FLOW] dpid=1 prio=10 pkts=25085 bytes=1671058
[FLOW] dpid=1 prio=10 pkts=66286 bytes=4808605
[FLOW] dpid=1 prio=10 pkts=33059 bytes=2158858
[FLOW] dpid=1 prio=100 pkts=15719 bytes=42989944
[FLOW] dpid=1 prio=1 pkts=83 bytes=3486
[FLOW] dpid=1 prio=0 pkts=251 bytes=24908
[PORT] dpid=1 port=1 rx=91489 tx=103570
[PORT] dpid=1 port=2 rx=33263 tx=37259
[PORT] dpid=1 port=4294967294 rx=792 tx=0
[PORT] dpid=1 port=3 rx=144351 tx=124963
